"","X","batch","type","CA19_9","AADDTWEPFASGK","AGFSWIEVTFK","ALAPEYAK","ALAQCAPPPAVCAELVR","ALLAFQESK","ASCLYGQLPK","ASSIIDELFQDR","CDENILWLDYK","CDLISIPK","CINQLLCK","CMPTFQFFK","DGYLFQLLR","DLLLPQPDLR","DPTFIPAPIQAK","DSVTGTLPK","DTEVLLVGLEPGTR","DYFIATCK","EFGNTLEDK","ELLALIQLER","EPAVLELEGK","EWFSETFQK","FAVLQENVAWGNGR","FLEQECNVLPLK","FQASVATPR","GDIGETGVPGAEGPR","GDSVSDSGSDALR","GEWVALNPLR","GFLLLASLR","GFQQLLQELNQPR","GGSASTWLTAFALR","GLIDLTLDK","GLPGEVLGAQPGPR","GLTSVINQK","ICLDPDAPR","IEDGFSLK","ILLAELEQLK","ILSGDPYCEK","IQPSGGTNINEALLR","IVVVTAGVR","LALDNGGLAR","LIQGAPTIR","LLGIETPLPK","LSFQEFLK","LSLEIEQLELQR","LSNNALSGLPQGVFGK","LSSGLVTAALYGR","NADYSYSVWK","NIQSLEVIGK","NNLELSTPLK","NVLVTLYER","QGIQFYTQLK","SPAYTLVWTR","TGESVEFVCK","TIVTTLQDSIR","TLLSNLEEAK","TLNICEVGTIR","TNFDNDIALVR","TWYPEVPK","VAAGAFQGLR","VAEGTQVLELPFK","VCPFAGILENGAVR","VFSLQWGEVK","VLDVNDNAPK","VLFYVDSEK","VSTLPAITLK","VTGVVLFR","VTLNGVPAQPLGPR","YGQPLPGYTTK"
"1","AMC-PC001","1","PC",2.76,1.0338,1.92172664097977,0.035282929148835,0.459685857352831,0.110769146468429,0.0278643446379468,1.68294918647707,1.38582313553452,0.0078,0.3528,0.0260260036445349,1.2425,0.590638524187617,0.900021110457787,0.26727871352282,0.7964,0.2828,2.03343647760361,0.9578,0.1543,4.31048385405965,0.6887,0.0338,0.1776,0.2429,0.0173135189727312,0.226692335243553,0.76794380587484,0.498,0.616376042456406,0.146904523607888,0.3575,0.0265208225121452,0.578273889601336,3.64572301114071,0.0630762512224676,0.208115288624104,1.49310971353672,0.106619244135534,2.64852381755388,0.1555,0.0156337558162231,0.209044306114976,2.44606673055144,0.581368294568304,0.240360717847513,6.66493996901627,2.61204095875247,0.50017517907194,0.118953277199934,1.1944,0.4381,3.83558112216075,0.273430786586976,2.26859727164887,1.4329,1.3022,0.975454692102584,1.50302887166479,3.14742881664375,1.51751584428148,1.19791296572042,0.004,2.46919360788187,1.1051,0.0463,0.069647063119648,0.434653709256789
"2","AMC-PC019","1","PC",14.04,2.2307,3.08387662874965,0.0648156727096781,0.473725317354092,0.270610416498281,0.0181056583043399,2.00336865079772,3.68757866201956,0.0145,0.9478,0.0539194177012622,1.8045,2.57083827035656,1.77631023784902,0.718776571566452,0.0375,0.6134,1.37665604327487,0.3892,0.0872,1.38877009319799,1.3683,0.0485,0.4657,0.2162,0.00911414916083139,0.142788770528792,2.04226336011177,0.4071,2.31043632564387,0.10849960545598,0.4938,0.160674144482353,0.692661064631657,1.59917264618824,0.194984119606476,0.430836541169843,1.81500866043959,0.0939310381993407,5.29422396394902,0.1665,0.15580671001482,0.0654860650298607,2.14715528211048,1.68182880557752,0.504393788903768,9.05494273870582,3.35385325689662,0.605235423645961,0.13363166422344,4.0657,0.513,4.66708320210774,0.321725939372246,1.68611024765273,1.1909,1.4392,0.736994491400633,3.85253478541259,1.91958965075055,4.21434191686277,3.06707264730684,0.0122,2.27180572216607,3.3402,0.0357,0.311328424951443,0.881820747921898
"3","AMC-PC002","1","PC",721.2,0.052,0.0224759861831832,0.0189212701174424,0.0877669853700571,0.0122357070082444,0.0251163394987362,0.0252331777641684,3.63722084367246,0.0065,0.0509,0.00925032251899278,0.0258,0.0044899588193676,0.00452969345271034,0.0305500746549028,0.9008,0.0072,0.0159809626728214,0.0458,0.0466,0.0614311595304245,0.6025,0.0139,0.0643,0.0013,0.0385384717962395,0.00818438948065234,0.0286119650035469,0.0208,0.07058898820317,0.0096761628215797,0.0279,0.00815223945394467,0.0452825165627161,0.0373568977785394,0.0138650155702164,0.00808730556097727,0.0968042863359443,0.00120898958281579,0.0323813951326097,0.0043,0.00532902631206742,0.0485627305192904,0.171069795633326,0.0285765900788181,0.0245184019611714,0.515626286184662,0.621108518431002,0.00968307608934606,0.000169319336268202,0.1593,0.0107,0.430998110056092,0.14416352226639,0.160741905989054,0.1412,0.1639,0.0729062764467481,0.114996768634209,0.0740982107128566,0.070501372429533,0.141506984648272,0.0023,0.0474146025026033,0.0152,0.2381,0.00825082508250825,0.0259009175396345
"4","AMC-PC020","1","PC",2.4,1.0385,1.03931509470059,0.0230991446433005,0.370997569953186,0.10930534762449,0.0202505569262462,0.941359026990595,5.10079575596817,3e-04,0.4399,0.0539000105548324,0.8215,0.265462048338403,0.470641728513527,0.251116832572864,0.8437,0.1541,1.04651485425397,0.1279,0.0997,2.39084643506403,0.179,0.0513,0.2443,0.0905,0.0728709394205443,0.159024554889883,1.21930984730071,0.333,0.399690085226563,0.127338110884019,0.2208,0.0371663064431334,0.879487059061547,2.63174221262496,0.0552527857525181,0.15926274710412,1.14429426141776,0.115876215882325,1.25770022603727,0.0627,0.0225240633831354,0.0294443214522913,1.31403181883331,0.699803136056388,0.124844570323294,3.55376716280143,6.19883015810665,0.38060330590735,0.205829974693036,0.7102,0.2225,2.82218807152175,0.678484889277781,1.83815428674404,0.7012,0.8901,0.873220506779618,0.744867271260413,1.69109394509008,1.2136626844951,1.00043650310919,0.0051,0.662699120635699,0.7009,0.0393,0.0418282009724473,0.405575648502258
"5","AMC-PC021","1","PC",18,3.9636,6.00675106131895,0.0822792097774415,0.789733338223967,0.572957720735232,0.062471347799511,4.66296031004369,8.32829046898638,0.0465,1.6277,0.108068802968758,3.5386,3.4103077513267,3.87939391201366,1.50892847898176,0.2117,1.2472,4.4224484504684,0.6043,0.1999,4.23808561093687,2.3367,0.1266,0.4843,0.8381,0.0240718074255406,0.342941712650325,4.34322995461422,1.6478,3.86792644863618,0.253170102770163,1.3145,0.350489884209187,1.04116239933459,5.43231623920718,0.149408404732762,0.784278830358121,4.80500931934213,0.319169192994764,10.2429727853097,0.3322,0.0667629778731812,0.32216485271721,4.12551599344052,2.69689163795803,0.844496975945881,17.9263783606915,6.43772650735417,1.71797148132144,0.17898136932572,4.3948,0.4907,9.1080024229775,0.433102741763144,3.53715557725307,2.6221,2.5097,2.14803602038318,4.26183753707113,7.08230342708264,8.11096626817939,3.12070235494982,0.0316,1.06636798565348,4.8442,0.1267,0.143302393302393,1.169077170856
"6","AMC-PC022","1","PC",317.76,1.0037,4.41689638862745,0.075563549418949,0.601914856260369,0.55095427573964,0.0208585279673583,2.63654382105432,3.54628780934922,0.0252,0.8079,0.0761051973982385,3.4856,1.884875774414,1.70175026044729,0.7824254793643,0.2582,0.8716,2.07201210531788,0.8416,0.1456,2.23485555814481,2.2473,0.0747,0.4274,0.8721,0.0264107038976149,0.177096701139881,2.72991150442478,0.7267,3.28283653462979,0.183668888351694,0.961,0.289138188184943,0.69588722993012,1.96285130392817,0.172577764089929,0.434534263940009,2.64738524933708,0.179828548414936,7.77244452023494,0.2303,0.0757512472741902,0.220455827874684,5.16883910255998,1.94064582543209,0.453680302613531,11.1629735308402,3.36609906223557,1.07401507288235,0.279339283335553,2.5004,0.5074,5.59978825772275,0.377080654659238,2.00482312500435,1.7494,1.8242,1.98989381639798,2.69394886972171,2.83654263878946,7.48566070151364,2.59497326678416,0.0099,1.92912287116793,2.5396,0.0614,0.19075746049062,0.830112170718362
"7","AMC-PC023","1","PC",113.72,4.6609,4.41183013886172,0.0935144767603446,0.724809329620583,0.313103539699627,0.0999574229459168,3.77632905572718,1.9297244732577,0.0503,1.3641,0.311524985400851,5.0971,1.2151115528053,2.9590221868893,1.04182429398056,0.3977,1.0885,5.80648987835571,0.7556,0.2133,7.2603233405142,1.8658,0.063,0.2352,0.4392,0.0488376284015138,0.207845968342716,9.23926922699146,1.3926,2.64359820796982,0.219727330252536,1.3519,0.382864792503347,2.30309895819269,3.32998525715134,0.452667623992047,0.797354679861549,4.49982575647989,0.278538905190732,7.90822120183669,0.1493,0.0544334507167044,0.0921485411140584,2.71557029511775,2.87979217191591,0.824778970492529,13.8707849512308,15.5936690556023,1.36256374362564,1.36054054054054,4.2315,0.7188,8.6817846352545,2.12866245595744,3.02701435029452,1.8594,2.3124,1.11066574657917,1.98683974825943,4.98378090708656,8.04033493824576,2.92834798152838,0.0115,2.33607508863956,3.518,0.066,0.148253813081688,1.18236248426781
"8","AMC-PC024","1","PC",3.2,2,3.00028494493439,0.0464281347605233,0.35463458777582,0.18213487094301,0.0225302192973891,1.79803540121084,2.54018595041322,0.016,0.6292,0.0700417427989958,2.1396,1.54684727922781,1.37971127539822,0.719196296165969,0.2096,0.5558,1.93807838351234,0.5409,0.1404,2.07611067782923,0.6694,0.0461,0.0561,0.4583,0.0364275844743123,0.114531309805441,2.28778444469603,0.9809,2.17403899014674,0.157357197511561,0.6723,0.204490087834969,0.395009112231639,1.40158286747617,0.124027132670985,0.376036486167052,2.04946304004687,0.117362299378371,4.54351179548586,0.0986,0.0522252065337971,0.0389988767200225,1.69181559707555,1.59797144274529,0.447954245647606,6.32033813343055,2.01757386908394,0.496153086614795,0.01691403442006,4.6287,0.4938,3.98369960483891,0.282979977361103,1.43106829703832,1.4208,1.504,0.512522691314528,1.52167998918356,2.07530036239861,4.77517122417144,2.30937154696133,0.0117,1.50067328454186,2.2455,0.0585,0.134295517840932,0.51622303385555
"9","AMC-PC025","1","PC",38.36,2.0294,4.47582563318966,0.0776212990821977,0.521803775612002,0.3905847720733,0.0159937658289499,2.14252522164476,1.81027554535017,0.0346,1.4229,0.269252961341343,3.335,1.74296365865374,1.59237563684609,0.868736070412882,0.3007,0.8191,1.81412864002429,0.8058,0.138,1.9365675538204,2.0098,0.043,0.6521,0.1467,0.00568316362775278,0.200050096017367,3.80181570585565,1.3907,2.01245881608518,0.154242236167621,0.6332,0.191783071203218,0.889660825142582,1.65265813594998,0.149121449883965,0.440426773749212,2.47108387051323,0.210778926199607,6.6471312162866,0.0843,0.0496441292436239,0.0773060963932333,4.32965264921097,1.71913547829943,0.459699524652163,9.08779971791255,4.41224740999077,0.735081923374764,0.286568914956012,2.4934,0.5128,5.80409143412973,0.553771812473043,1.4721445256935,1.2294,1.7026,1.29261192734601,1.79462971288534,2.37458377971451,5.68794247531849,2.74501798779255,0.0141,1.77858230139466,2.6442,0.0476,0.118521263019225,0.813934852291432
"10","AMC-PC026","1","PC",444.8,2.6744,2.98598081413798,0.0600812350637432,0.586949219656731,0.334022419976467,0.0113104852091953,2.57543045121553,2.7827818627451,0.0213,1.0789,0.10028805161885,3.0702,1.53476081317039,2.07257499848833,0.8495057960502,0.2419,0.9222,2.04730897090338,0.6999,0.0658,2.08460761318753,2.129,0.0536,0.867,0.1906,0.0311843414795975,0.212220021042853,3.65791666666667,1.0839,2.90429712875146,0.168430335097002,0.6229,0.169048243314106,0.70291957927687,1.75979512824928,0.165266975029501,0.608662072243346,3.02716869412079,0.123291257785319,6.03879985246251,0.0637,0.116289058736633,0.126451241867654,2.47411932890975,2.67100300746216,0.529241283454268,12.9055958367442,3.93800330599133,0.776821791835029,0.238126114443184,4.7043,0.3925,7.36336719733984,0.566719881315208,2.04892469829831,1.3098,2.2135,1.03691863519584,2.01177327522368,3.57084263295044,6.12154769366217,2.14850320773884,0.0114,1.75029612912477,2.184,0.0213,0.226451004834149,1.2702581420121
"11","AMC-PC027","1","PC",44.08,0.7017,1.73728183055667,0.0610880226901184,0.336452979346257,0.191662036228548,0.0197263864509702,1.62342581194963,1.70390032502709,0.0023,0.3877,0.0510859929078014,1.4831,1.07190220803569,1.02262724535136,0.298849643245386,0.3652,0.3494,1.22101752894019,0.3013,0.0993,1.50735166298781,1.0674,0.1568,0.5387,0.1542,0.021011917206774,0.269917170726391,0.399033482913359,0.4211,0.755133946747008,0.102040816326531,0.1557,0.0731137713539655,0.275040025838806,2.56661668764448,0.208056372072063,0.264685477953439,1.2368814176233,0.060890919420954,2.54671059496068,0.2051,0.111886961449175,0.14903445664521,2.36673873562224,0.902213084674953,0.343218322377106,4.82458801770537,0.946996853194692,0.63485358951158,0.048355028697903,1.3828,0.7146,4.5690442572163,0.09001046965085,1.73201370559661,0.8941,1.4502,1.02893776706116,1.55706614719839,2.82750171518181,1.40606799722845,1.42556967852485,0.0081,1.18154315039329,1.9728,0.0381,0.262590102746616,0.302108517915526
"12","AMC-PC003","1","PC",42.4,3.373,3.46672270994736,0.0911680010126262,0.800076554823216,0.442350708920474,0.0128868560745167,3.24735247170163,1.91143538913363,0.0332,0.8821,0.0704641826750311,4.9209,2.10441569958687,2.05558543555317,0.858014806458943,0.1982,0.7178,2.6169224309766,6.7774,0.181,2.38398879346925,6.9752,0.0296,0.7437,0.4982,0.0247008284749923,0.188698311394761,4.48821218074656,1.0973,2.09194921583271,0.197979619311538,0.8849,0.285066600479854,0.906023800901244,1.78984062038875,0.147717567977079,0.462440470841944,2.25242453748783,0.324002077693131,5.59395197901061,0.1396,0.158108490911348,0.170996250669523,5.67096138910463,1.94752354753242,0.494019088798536,6.79531864001367,6.05488431476349,0.877131731784583,0.307422046552481,4.5672,1.12,6.0588569884675,0.526969857218403,2.40314645263939,1.412,1.2147,1.27134003876177,2.64518735701053,2.62521067777524,6.32617512234987,2.359492676616,0.008,8.97154025647674,3.6968,0.0768,0.284151448430687,1.1898598859176
"13","AMC-PC037","1","PC",541.2,2.548,2.95498812286087,0.036999574717532,0.354341013392176,0.192726936376702,0.0185442701928668,2.30217818873804,3.21640239147388,0.0114,1.0024,0.0972296060015358,3.0992,0.90390818635508,1.63344065177422,0.672258241894981,0.237,0.507,1.86738779831256,0.5924,0.2011,1.65443156767714,1.1001,0.0584,0.064,0.1464,0.0133234641006662,0.142200975910648,3.52850331674959,1.071,1.61836049759842,0.114012984734164,0.6497,0.180707671707027,0.458711525132627,1.75754600306251,0.0839310612485446,0.454443513865624,2.63059796067509,0.148436785812231,5.15414331960786,0.0718,0.0538327069312123,0.0751750350070014,1.61909954702823,1.33307435246983,0.490478520698991,6.59293521796429,2.99864760720945,0.523669380321824,0.152799296511871,3.6961,0.8761,3.71716209440584,0.439905895681779,1.4239123356992,1.3867,1.2401,0.44344411831694,0.956973347888481,2.33932915262559,5.77345162926929,1.34864593642191,0.018,2.35698116498082,2.6137,0.0472,0.108601547295004,0.590921004350789
"14","AMC-PC038","1","PC",43,2.3271,5.19511930560108,0.059642314830437,0.470722995134409,0.401736329643479,0.0189685418545,2.02124784504944,2.07034899697719,0.0014,0.857,0.0972705935796487,3.6862,1.39936418803878,1.30450171049735,0.684783540823119,0.2252,0.8399,1.78413850108183,0.8175,0.0316,1.71712961718071,1.4689,0.2171,0.0692,0.1425,0.0130202278539874,0.151879177702106,5.67814933577645,0.9959,2.64888860016674,0.207129661748453,0.497,0.165015899791422,0.852035746696814,1.7838213049704,0.141428953327463,0.34784128875191,2.97524101288107,0.1487074371636,7.28487061627511,0.243,0.0871266126508328,0.153406296114117,4.4148611837714,1.83936630955095,0.419487211898092,8.13182270134492,4.47642656111975,0.973587402284181,0.128882642304989,5.6624,0.444,5.81071044524278,0.580256406375346,1.82894989174571,1.5128,1.8033,1.32971850685487,1.41443791311742,2.23016134156304,5.84152105531859,2.63604400238119,0.0099,1.09402731805896,3.8827,0.0323,0.24890633304714,0.711358648851357
"15","AMC-PC039","1","PC",561.2,0.7187,2.17590685007799,0.0292897435027865,0.171692302556356,0.113671667838914,0.0138422412401098,0.874956935463339,1.15732349841939,0.0108,0.5836,0.0935648577029967,1.4271,0.655769041239689,0.98959530464944,0.390748686164595,0.401,0.344,1.48763017672827,0.152,0.1525,1.80776507925833,0.5319,0.0224,0.2179,0.1402,0.0410035842293907,0.131899423734918,2.39541251458838,0.346,0.819517284680159,0.110269984118581,0.283,0.109316721922918,0.850693119346488,1.98882319563436,0.114245795264301,0.301711808348976,1.22180611209866,0.119008230980628,2.23902830443242,0.0889,0.0235306991283091,0.057443764220205,1.25522985113778,0.796944893643488,0.283701297630629,4.70083816892328,5.15906003426727,0.384601201947348,0.232807538133167,1.2902,0.6696,4.14202670390546,0.599069097068733,0.818321806478105,0.7997,0.9947,0.431922720907602,1.16687832820978,2.32899491946588,1.68210866218601,1.36282035863153,0.0089,0.848146118846947,2.2015,0.0428,0.0782240617063305,0.254930941338362
"16","AMC-PC004","1","PC",25.28,0.9394,2.05731304283111,0.0429074607748959,0.398744452862864,0.151844992219619,0.0234655599010296,1.69797898713621,0.952321595512621,0.0298,0.2208,0.0934782926365935,2.2471,0.845026311405529,1.31148304750451,0.37472788745217,0.7157,0.3234,1.86623681942929,0.4164,0.1597,2.81492944695829,0.7618,0.0291,0.1742,0.1,0.0369167869167869,0.183828735555407,1.54849385763168,0.5537,0.828271712737581,0.0620660120522468,0.4968,0.0920314805705853,0.639736556539927,2.84475416968347,0.116108079695635,0.255609552280381,1.63315156246933,0.14631889617538,2.41315768544408,0.0846,0.0478290539095363,0.0637750049514755,2.15168446699764,0.849415635435081,0.295939215799776,4.8682138700623,2.96118086839835,0.439136811229835,0.0779002142638506,1.2746,0.8373,3.94705816008121,0.361561987288743,1.85458695125528,1.153,1.3467,0.872107745299136,1.54747223177806,3.35434589014447,1.54263463996445,1.74067504426192,0.0139,1.38678965927023,1.6066,0.0172,0.0810564733296811,0.600785020268966
"17","AMC-PC040","1","PC",3.32,2.5788,4.01003092928441,0.0738025212984825,0.569339687328579,0.283557438628495,0.0181733395762524,2.27236169104211,9.26466380543634,0.0244,0.8971,0.133107465815195,2.2957,0.812419056169687,2.10421105868361,0.85295162812368,0.5308,0.9146,4.16093975018265,1.0941,0.0999,4.1063278813237,1.0361,0.1309,0.6765,0.1505,0.0647540983606557,0.31218930828459,3.29025320168149,1.1952,2.07114624505929,0.169837682735857,0.539,0.145619011814029,0.822704874535668,2.3917987221269,0.194083043146348,0.596717449098174,3.07697789277568,0.146320685209062,5.43151573508488,0.0387,0.0708142603577935,0.129410732691506,3.32909434219806,1.76816452548427,0.611502442996743,8.59977408309506,4.27104844267444,0.88950082719449,0.108816705336427,5.2345,0.921,6.62470411937026,0.413622676304268,1.71787977906378,1.0498,2.1098,1.08652690008459,1.12246168094628,3.83969171977789,5.70562744370672,2.67363659380538,0.0116,1.38897941903609,3.2222,0.0265,0.191596737775082,0.914880355224182
"18","AMC-PC041","1","PC",7.92,3.2529,5.1531475822398,0.0688009656275878,0.523763625457629,0.237407834019468,0.011078865139632,2.12764204992793,3.807433393382,0.0216,0.7357,0.123643429221364,3.7632,0.849118396242019,1.67856340692609,0.759533783048635,0.3268,1.0808,3.12556815744724,0.707,0.1245,2.21959901054188,2.3538,0.0623,0.8554,0.1822,0.0426216324889425,0.138717394895768,6.61178396072013,1.4388,2.58129532045219,0.185128421052632,0.5336,0.220986507626124,0.950236202529427,1.61683726373233,0.145637840420449,0.495936014957542,3.40770202840428,0.243962111318665,6.84294149221685,0.0857,0.043328416840691,0.119279819954989,2.19080338266385,2.2307412100095,0.431333955817754,11.2041437515133,6.48746522888835,0.775283058859484,0.234241295969691,5.8536,0.5198,5.82448328664272,0.730031841528393,1.66736314582311,1.289,2.6446,0.698325042833778,1.30841581019095,2.58467468328751,6.32160825819246,2.57962294668292,0.0156,1.48273846571233,4.3514,0.031,0.10036648590668,0.708129218959798
"19","AMC-PC042","1","PC",3964,1.5349,3.76730931224695,0.0546227183046124,0.314353577545121,0.151641250382851,0.0304213663984565,1.79449351533379,2.16393784544791,0.0134,0.7169,0.204530313124584,2.3517,1.29877036542377,0.7683859529722,0.540648991397558,0.2487,0.7013,1.1718973152522,0.7505,0.2119,1.12837767476943,1.7731,0.0985,0.0369,0.1309,0.034681341182493,0.132081197511561,5.28814501779359,0.7005,1.81522082184863,0.0863226254614185,0.3542,0.128642421504405,0.958496849422799,1.44491315205766,0.1462251705552,0.244250912846236,1.58210644713786,0.165518656000423,4.54709297797633,0.072,0.048008305844318,0.189530551415797,1.78728208245587,1.15193166942542,0.291836117828094,8.42133278031246,4.98994791190716,0.490225591097491,0.152889266918292,2.2676,1.1469,4.839388397158,0.596915168685282,1.37012733478595,1.1841,1.7377,0.507124115219578,1.44452093400636,1.70762908464241,3.37726762911209,2.27272727272727,0.004,1.49202157145346,4.575,0.0291,0.0902827042409713,0.420415442858374
"20","AMC-PC043","1","PC",612,1.1774,1.88247272260837,0.0542483088406811,0.318253060167095,0.171852023511071,0.0417273257327676,1.6072133393115,1.9594807238395,0.0257,0.4351,0.0918993965931543,1.6913,1.08531523453966,1.67329390834443,0.362752497949825,0.8063,0.2955,1.03306618221968,0.2294,0.069,1.5343199205687,1.2069,0.0462,0.0718,0.2243,0.0154820548909219,0.207420231749358,4.82884822389666,0.2328,1.01076175927404,0.0697579063714479,0.2961,0.0590768281553273,1.8781484364269,2.68877358522065,0.0955084165300235,0.316819613617967,1.0922501425618,0.11789684990735,2.30388011654627,0.1622,0.0844195008602574,0.169796308084023,1.7820359810812,1.38014812939166,0.324819438465586,7.34425912808294,10.9750057172818,0.53558418528133,0.400482065528229,2.1087,1.067,4.01636481011355,1.19079433197252,1.83454530575024,0.8499,1.0502,0.821456697094167,2.10121329236228,2.20945773930754,1.6777962283119,1.76586067068592,0.0105,1.29046699849371,3.6778,0.0374,0.234105041788285,0.164476934422591
"21","AMC-PC044","1","PC",958.4,2.0729,4.41262892877447,0.0701885800643932,0.414146768893757,0.689304157433886,0.0122635129276709,3.26671235614952,4.65023201856148,0.0607,0.6273,0.216783706635378,2.5505,2.95403903265066,1.68350950752339,0.506582754583374,0.158,0.951,1.14645963287362,0.8032,0.1177,0.871775620743283,1.0736,0.033,1.0562,0.2872,0.0731242672919109,0.239704123088585,7.77565755544095,0.7697,2.28707395498392,0.200198527587063,0.3725,0.183512184807316,1.43980952919805,1.76795041611476,0.165148111885427,0.467980389356942,2.07418679030099,0.264186949907639,6.1856117428283,0.1858,0.126665539913388,0.240288879540036,6.28883603984498,1.85014583073663,0.58212068818911,8.88544331961286,8.31791582125006,1.33755750456747,0.114467210562372,2.9718,0.287,6.72167838611812,0.831890420923421,2.36389996711273,1.4035,2.1506,2.40547095177912,3.25434221840069,2.5204882239244,4.97957267489476,3.04613642067869,0.0177,0.623827277325458,3.7617,0.0477,0.491042465030579,0.525595938540161
"22","AMC-PC045","1","PC",551.2,2.1558,3.33994986627007,0.0871110245707123,0.322212410264999,0.568643930394846,0.0115955835698326,2.18358259383925,15.893143365984,0.0323,0.6014,0.155808031341822,2.1925,2.17127727488501,1.45284840544527,0.636541147445282,0.186,0.6585,3.2835483288668,0.468,0.1102,2.31663938995182,2.3048,0.0215,0.5651,0.283,0.0460233592880979,0.180464575229925,2.68596682888072,0.6219,2.84178114637613,0.106884915247663,0.6795,0.168422960725076,0.880522696883176,1.23279083900791,0.226690638088446,0.354504372431575,1.74721713712771,0.165858047548188,6.12492946872567,0.1313,0.0974971217205987,0.129293108810592,5.50496324192947,1.77511259524734,0.39035107735437,12.080167494006,5.54543145640132,0.759576564557337,0.0954545454545455,3.6573,0.6641,5.37187622804081,0.332295209729161,1.75006889089452,0.9495,1.25,2.24021825833425,2.96110911243944,1.88289305145147,5.58800593376094,2.40897512040105,0.01,1.68848501710227,3.2698,0.0397,0.237265764246833,0.466057033839921
"23","AMC-PC005","1","PC",22.48,3.3191,4.57802798082213,0.0623454609678559,0.493725369773274,0.54408725051987,0.00515962472055151,2.35851859484617,3.48194145228742,0.0154,1.0861,0.0810635290522214,2.1007,1.96522078294357,1.54618219750657,0.779857107830559,0.2944,0.8202,2.24010891264983,0.9104,0.1026,2.59430005639507,3.569,0.063,0.1275,0.2748,0.0296229802513465,0.177813432987388,4.28407536048837,1.2016,2.59296909422799,0.189124770819261,0.6974,0.180852086939796,0.868651184142647,1.92813091194285,0.153205992647738,0.462715174091988,3.06431040472062,0.175165314096784,6.9622926636966,0.1885,0.104918726994365,0.147623606261966,4.49951517938363,2.40956404307628,0.436544657787526,8.08344609833108,4.97911791523468,0.818320602537619,0.130653266331658,4.8675,0.9071,6.02681652653053,0.648749432226113,1.65593746497523,1.3532,1.9536,1.46550721368956,2.21042478911604,2.73051299864712,3.06565442681523,2.45022708041928,0.0106,2.55295905728231,2.5843,0.0478,0.180443796699236,0.872934313683336
"24","AMC-PC055","1","PC",11.12,3.2711,4.20951828945944,0.0760782747603834,0.508707046272175,0.44431721822055,0.0229274112713866,2.43266846060366,2.81517686183614,0.0288,0.8192,0.227023287987088,3.4257,0.886748555860352,1.19877213073036,0.907381141544406,0.1639,0.8458,2.15245305124652,0.9609,0.106,1.56094237076694,2.5533,0.0364,0.0305,0.1323,0.0516021639617145,0.18478582085787,6.65882246866829,1.1795,2.60506440603325,0.143211792086889,0.6254,0.171038723003966,1.05779433453561,1.13712664129624,0.23044311567642,0.528395185808689,2.3313921210564,0.205905524022208,7.09778702933029,0.0371,0.0804181436008715,0.14203782274055,5.14728957679903,2.06657939241388,0.704601285157484,8.30227279257535,7.58267426211677,0.694579752120517,0.32800054462523,3.9422,0.4989,6.21787287775017,0.960385874173903,1.42604046940434,1.4155,1.8367,1.05490230819318,1.10907909509897,1.68187168078082,7.24763806488862,2.80113600450494,0.0068,0.993518427357159,2.206,0.0384,0.206522614846683,0.810549725853622
"25","AMC-PC056","1","PC",2.68,1.8905,5.51387061970707,0.0485957645282013,0.480971464479373,0.691131585877991,0.0144434161306775,3.20150866028321,3.28950042337003,0.0158,1.1627,0.131287099431758,2.4871,3.06657915987041,1.96951271818469,0.66703526016893,0.1831,0.9104,2.17104476579599,0.6943,0.12,1.49659957061303,4.2853,0.0617,0.9911,0.1918,0.0376432078559738,0.284992768251464,8.74709236031927,0.7336,3.56028283218302,0.150790034130962,0.5031,0.223967837591241,1.53358486689507,1.71381151164266,0.197932060172028,0.409449379414143,2.17584797765704,0.224664660580405,8.79703981719527,0.2063,0.102261039096014,0.17620960784797,7.31337675139648,2.32143218640557,0.549273591902622,10.8638434919656,8.76392255926552,1.19012418370624,0.305300287756428,4.2692,0.8431,6.30450570244975,1.12599600650175,1.94190950181404,2.0091,1.9252,2.29354456742116,3.98980753066168,2.49801136774511,4.66477356847376,3.21060744852479,0.0071,2.45659607725328,4.0711,0.3885,0.230063213647618,0.874745252431681
"26","AMC-PC057","1","PC",458.8,1.6391,5.05002103652706,0.0380953638536399,0.299441245847781,0.417270165840826,0.00985339870274248,2.29371666334683,1.27364749914937,0.0192,0.7031,0.0952154500541597,3.1093,4.31082736661764,1.37021478658859,0.538850192116683,0.2212,1.0494,2.22511786607955,0.5652,0.1524,1.62014516962802,1.5658,0.0567,0.6562,0.224,0.0405957943925234,0.129448603338421,3.397261716693,0.9597,2.81159051474841,0.176816429658903,0.6794,0.196243473831657,0.880204069857595,1.48989934674388,0.112515208827746,0.294372830937035,2.02218465113671,0.180286689922861,7.57181748244161,0.361,0.0302768360033779,0.121628420799335,4.4035797177804,1.82274268104777,0.244076465590484,9.81687096498962,3.45418092449524,0.72614197053312,0.141594124047878,3.111,0.5574,5.19393015743381,0.396006614045487,1.90072296286236,1.5938,1.8376,1.53879193221394,5.70555074912418,2.08726433443116,4.32595079532047,2.47708866679795,0.0133,2.20274101715781,4.9972,0.0553,0.156040404696559,0.371678697588696
"27","AMC-PC058","1","PC",55.92,2.3884,4.61740518849262,0.117261386096529,0.478910149595351,0.551517499924257,0.0280137842482595,2.41773422679904,12.2057291666667,0.0324,0.7554,0.178543349295976,2.9836,0.875280527966681,1.38328133979148,0.739434249425935,0.1627,0.7377,2.52746652006006,0.7003,0.1272,2.01586039755199,2.182,0.0148,0.119,0.3445,0.034282325029656,0.171699256648189,4.40287769784173,0.9582,2.68289520922255,0.132912492811384,0.5876,0.195684968259914,0.73811894953989,1.53663715361233,0.157662437731921,0.426701643959419,2.3733386554843,0.142573053021288,6.4590181594448,0.1876,0.0545773059057731,0.0821525297327001,5.98416508462988,1.57958577940204,0.638126894912318,8.16537348283998,3.85425763316962,1.18754297677393,0.0603237342367777,3.8504,0.469,5.41548458241571,0.487752171237092,1.85533586460395,1.3999,1.5792,2.1040561202929,1.11017524038717,2.0254487555338,4.77650045104532,1.9406313725789,0.0039,1.62978582486816,2.4504,0.0492,0.133052869521537,0.676619013547259
"28","AMC-PC059","1","PC",1068,1.9103,2.60065911064597,0.0814810062973773,0.323805354460746,0.390090727978785,0.0426936239615281,2.6081827011195,3.65034550839092,0.0212,0.9681,0.667353154459753,4.3037,2.05939606552189,1.38614095323209,0.587897251004328,0.0651,0.6655,2.48663193777457,0.5139,0.1741,1.98049861179782,1.787,0.0304,0.5186,0.7832,0.0150504393101204,0.153543175858851,17.7686138613861,0.602,2.38127351805698,0.126329098600453,0.5182,0.253342141723325,3.31673463852507,0.952427493293729,0.183983434801076,0.383040580450838,1.48416733325817,0.247371256306395,4.07854821937842,0.3903,0.0791753169470858,0.235310890185717,4.46515622621817,1.98086100320737,0.398383330849426,9.33211209667052,25.7212861403762,0.756244000979924,1.32720175075413,3.7451,0.9896,5.10300755937991,2.35256485634453,1.47646503408996,1.3437,1.9537,1.22461332558386,2.63020874980504,1.57068414769244,4.5791827467747,1.65411271247595,0.0116,2.49762043241876,4.1591,0.0537,0.178539983019402,0.476863567542119
"29","AMC-PC006","1","PC",150.92,2.14,5.35803785206054,0.0660345367278798,0.391195040659062,0.370354108963746,0.011263975805419,3.00014422894447,2.5918130015118,0.0358,0.8009,0.0966639583233762,2.9356,3.79300098445146,1.86678206296469,0.747827954009196,0.1198,1.0877,1.57929977907725,0.8733,0.1469,1.32493773490921,1.3341,0.0954,0.653,0.2912,0.0688944501692919,0.212728351909253,7.38277087033748,0.8139,2.38154117906823,0.19331484349674,0.3535,0.211237647892941,1.4496601792791,1.75415990328267,0.208496929427162,0.451476383574162,2.53384791990427,0.237038707252912,8.6698640491975,0.2582,0.197440636044376,0.157236728767258,3.77238323477181,1.91058940406008,0.520574598545928,9.65084449621433,8.94404405567987,0.706878579674733,0.277454027454027,3.2193,0.6595,6.22634808614622,0.891627939289123,2.19054777664964,2.2021,2.2277,1.32387535480182,4.51682452578984,2.89149500478761,3.0723485078803,4.23548615931472,0.0114,3.05157409357957,3.4045,0.0249,0.477955551232797,0.753844242788776
"30","AMC-PC060","1","PC",60.4,0.0182,0.0601205196976558,0.0223806622347923,0.132735348656691,0.00435674093307909,0.00292649260085868,0.00178613030985478,2.58116178067318,0.0162,0.0356,0.00659611825558772,0.0067,0.00389329956703073,0.00374322901062221,0.018638435334862,0.7396,0.0118,0.0192230771231968,0.0275,0.0306,0.0174775944039197,0.2548,0.0148,0.0196,0.0018,0.0868195564516129,0.0127637686773307,0.0160892416604097,0.0399,0.0258238176350598,0.0474847279734328,0.0343,0.0142042343947523,0.0184571627647493,0.00397683970797345,0.0212298226815527,0.00377023347110294,0.035179502600447,0.0050337716085981,0.0100178092946754,0.0019,0.00414212213854299,0.0844399689512661,0.0494342284346159,0.0114424945254912,0.00603335075663892,0.114497689654424,0.238462836887413,0.0170042693040113,0.0204578294927371,0.2751,0.0096,0.145823404222608,0.116096308223586,0.0514737709681054,0.0736,0.1184,0.0175184053943287,0.0283510162017874,0.0415578670234576,0.0223715081059469,0.0388627023083672,0.0029,0.00676633333094725,0.0689,0.1911,0.000519218728524961,0.00884813729056555
"31","AMC-PC061","1","PC",81.24,0.6124,1.70298307715455,0.0243850639070163,0.276423122712642,0.0971026448637208,0.00722518900552972,0.748595134521147,1.28552825766126,0.0098,0.3509,0.143012182217761,0.7084,0.419118146379198,0.49439838234216,0.298315096205088,1.6188,0.2137,1.63050654724335,0.1463,0.091,3.52607532457862,0.403,0.0172,0.1314,0.1031,0.0185533114138093,0.112232765115841,1.43179714973163,0.231,0.572928496005419,0.0828254414752305,0.3212,0.0164540509314976,0.852888557611844,2.67095541062513,0.0882273179256938,0.134674486461629,1.31456881816525,0.103436240205232,1.76582319457705,0.0518,0.0147234263819461,0.178034229378297,1.49987121212121,0.986122827465854,0.209577559506916,3.94746989158467,6.35294057250811,0.401828874041688,0.136363636363636,1.3723,0.2121,2.78536509722084,0.617268327338928,1.07837062602304,0.8513,0.9861,0.591731061137766,0.981838556756011,1.46732555069619,0.948293523344351,1.15693944183235,0.0077,0.623615919524487,1.1201,0.0221,0.0339171062547099,0.302946455975223
"32","AMC-PC062","1","PC",169.92,0.0489,0.103044661051829,0.0584185845696262,0.367032032155451,0.0136835548629774,0.0196663019693654,0.0309123708695017,6.62739571589628,0.032,0.0972,0.0350019402405898,0.0684,0.012247451089632,0.004602610533677,0.0370892580939994,1.4825,0.0216,0.016967727171962,0.0348,0.0789,0.111740281966316,0.5601,0.0409,0.0298,0.0212,0.164897103158999,0.0107251905132525,0.00128303823453939,0.0106,0.0608833198933069,0.072575177474675,0.0721,0.0168144450239674,0.0749764078057306,0.0342830228548109,0.0308891071760427,0.00872649027733503,0.21614595734787,0.0133382313652151,0.0546127999114072,0.0084,0.00523107702567522,0.158218262806236,0.229927167427167,0.083716307604935,0.0611560370502453,0.44011611030479,0.899743226783422,0.0222493833442101,0.00381167501941131,0.4759,0.0383,0.605630402240572,0.22750955034999,0.292575216363669,0.3161,0.3381,0.0735218737357913,0.192375382943562,0.0545851831298557,0.1291447041273,0.174219371375394,0.0083,0.0653997019007037,0.056,0.1262,0.0212358872705335,0.0231015848232895
"33","AMC-PC063","1","PC",38.48,1.8217,3.38543321349943,0.0473306923222034,0.280514885391515,0.3482046987354,0.0621802590641118,2.32029851432626,2.5984015984016,0.0269,0.7519,0.283769241566462,1.7466,1.03671487430849,0.806211777450906,0.404642679315072,0.1617,0.5365,1.63276400638147,0.6127,0.1017,1.1637683729969,1.2466,0.2871,0.1326,0.3841,0.0104207245812232,0.087874371384372,5.36493773899402,0.5369,1.87871591535558,0.115891421333651,0.3389,0.132040992118758,0.990834141440309,1.02778053256699,0.164417209417766,0.241534023312053,1.30216322273211,0.142059675468939,4.21368767428307,0.1604,0.091977675926792,0.125374565504015,3.51488934993084,1.56962465245598,0.211378656072026,6.87753573308499,5.7931701791235,0.527543991402416,0.616142914331465,3.9788,0.4149,3.00511280673407,0.641792230069567,1.39692676511835,1.1897,1.2182,1.16387508623893,1.40290030853404,1.41878484316378,3.63227502854678,1.93694782338371,0.0065,1.21921202585282,2.8952,0.0349,0.140532902984506,0.488053598475373
"34","AMC-PC064","1","PC",1944,1.4108,4.05375493558614,0.086510465938628,0.297299153281464,0.499229315757368,0.0118649570418269,2.67024848512255,4.89757127771911,0.0257,0.2439,0.147078148741325,1.4326,1.83667403755319,1.49386905065148,0.457653284888238,0.3641,0.5445,1.24920437754048,0.5652,0.1449,1.28612688584844,1.4126,0.0107,0.3598,0.0987,0.0441994437822805,0.116549596928284,5.51285554589492,0.6226,1.68195103067841,0.0986337909049509,0.2484,0.130592616156135,0.85745432674235,1.5330185538822,0.179437935636957,0.340483037675177,1.24354455701543,0.1185944219673,4.53828255579087,0.0987,0.0592682302135332,0.210843250525628,7.31968003916712,1.33722197794145,0.338726982346107,9.22776889188203,4.94930216400678,0.79429751797274,0.571240519024635,1.8956,0.6365,4.5137244309257,0.507944738368516,2.22800270109556,1.2569,1.2421,1.72524518418409,2.32639877977141,1.97854802916623,2.90655486489707,1.67603117334373,0.0052,1.01584744911062,2.6638,0.0524,0.151899867739447,0.558782480987001
"35","AMC-PC065","1","PC",34.96,1.7417,3.18888994038043,0.0578059407516463,0.614324525105781,0.444657985379163,0.0239605508033629,2.44716141418171,3.83873210065341,0.0259,0.7128,0.174625867595176,1.1421,1.02037238279179,2.51709163220927,0.783712796182385,0.5415,0.6572,3.06153558796573,0.5532,0.1413,3.7642653877511,3.0163,0.0623,0.4159,0.2395,0.0749545979858015,0.186936176913905,3.81396648044693,1.0761,1.65859096951246,0.116917911867098,0.6911,0.152866648436788,0.744519013051773,2.49216827286349,0.201916851252343,0.467098928376602,2.67717745928323,0.177266260873621,4.57260713713344,0.0876,0.0574111896317105,0.114982925795758,5.72240150842141,1.65409493327827,0.542119957639357,6.46005396527452,3.90102838733078,1.01602845460045,0.241489037095157,1.5189,0.6971,5.70867129910962,0.535810094204255,2.00270274397227,1.7189,1.6677,1.83937299944745,1.55880523354014,4.69284791671501,4.672212251669,2.43684953563261,0.0109,2.01923266337728,3.4753,0.0656,0.12177200545402,1.01192464695006
"36","AMC-PC066","1","PC",42.6,2.4592,4.35964477302439,0.0844531758579001,0.632712330460036,0.698900582401358,0.00955592029137724,2.40092250863858,3.47708208508089,0.0411,1.0413,0.134180982010009,2.5368,1.92035229843388,2.04286364154641,0.925910390729775,0.3733,1.0528,2.29333705033362,0.7491,0.1163,2.45819487197425,1.5187,0.0352,0.0893,0.4065,0.0667597765363128,0.253689518846309,7.95236087689713,1.1907,2.08223511910998,0.22484476916146,0.6667,0.213333612776124,1.29107517851663,2.35391257027553,0.253968582272459,0.529167710036481,2.49993275050437,0.232693178144197,8.14622133864523,0.0644,0.0979940107277138,0.182177131889224,7.77366974079829,2.48039700898381,0.621829198458515,9.33986063617007,8.33702349617833,1.52085029493489,0.299132350915852,3.1923,0.4789,6.56000385014679,0.959017288195724,1.65277310035353,1.6203,1.8676,2.2519301896025,3.24489720554862,3.32876782077393,2.75065808819205,3.1065375436121,0.0137,1.19727063809467,3.7381,0.038,0.161327595273019,1.22712339385267
"37","AMC-PC067","1","PC",7.6,1.7715,2.44749195237053,0.0669499746920871,0.296526673581973,0.543350194123627,0.0140119835226563,1.86851243425752,3.8556170886076,0.0329,0.5885,0.241874893277933,2.1983,2.29689204418757,1.18603070604342,0.445919355141151,0.142,0.7063,2.34482415799794,0.6995,0.0874,1.99471082427254,2.4068,0.0949,0.4101,0.2557,0.0268186003683241,0.19845763693801,6.17173344070868,0.6046,2.58959008731279,0.132778507349335,0.503,0.337263375452111,1.37804027020489,1.01757877654423,0.138659404956853,0.200378530899223,2.1635651800558,0.309421129735422,6.75503881066221,0.3254,0.0748177995609116,0.159379682057868,5.14847554924503,1.9105873036822,0.254125881971128,11.1712290306731,8.69789484425929,0.924261199158631,0.176637202715241,2.9041,0.5961,5.61676549427341,0.800899442001003,1.73554260178968,1.4004,1.3652,1.42300783047499,2.53184663060311,1.60556491214485,4.76595947146983,2.41931835054329,0.0121,2.05600861517124,3.4062,0.0508,0.168076902272604,0.508589344996575
"38","AMC-PC068","1","PC",459.2,0.6293,0.928578111393389,0.0282795318963188,0.15633191740681,0.117971446164421,0.032030715593901,0.598979080143495,0.821309655937847,0.0103,0.2018,0.122029088329195,0.6171,0.317380979449124,0.406432686902754,0.139380937144296,0.6865,0.192,0.700327145665388,0.0986,0.074,1.2230974100628,0.537,0.0288,0.0347,0.0863,0.0277670153687201,0.119156501160411,1.9554032683184,0.1918,0.428586158541615,0.0413808292479995,0.1884,0.0649730240530948,1.0023955572948,1.82025706573927,0.0669508006786113,0.111766780129391,0.697036328099761,0.0832551194539249,1.20307925759399,0.0491,0.0091654852077579,0.0574302746433894,1.96587670616469,0.483181406791441,0.139224432919137,3.92805908860624,7.15132558111395,0.389763261075499,0.164114007505832,1.1606,0.3065,2.51078305783307,0.641370412198316,0.959643616263704,0.7344,0.8301,0.911897128525439,0.892709929993559,1.19287415544646,1.00801583432008,0.991039803418047,0.004,0.680533110099809,1.1524,0.0588,0.0553622406226477,0.197060373277129
"39","AMC-PC069","1","PC",3.56,2.1685,2.12296425518961,0.0381540310310407,0.352365191430005,0.261244733218447,0.0338399387802317,1.3623909123093,3.6908422459893,0.0391,0.5345,0.305494951544979,1.5598,0.767405732438726,1.01897242984871,0.400318897767369,0.0849,0.5678,1.25366312951836,0.4768,0.0801,1.21810646226204,1.1551,0.0446,0.4814,0.1011,0.0804151933386563,0.128794210217472,3.42818007487901,0.6657,1.42648398686631,0.1097494241464,0.5878,0.120650224428017,0.614583581850117,1.08211971602666,0.153328081581066,0.285738455681892,1.34851695532188,0.10571375577184,4.05687446319928,0.052,0.0371752188388286,0.0830607638089096,2.30170070757692,0.916554316394247,0.307167619712903,5.68619852564531,3.82711596861786,0.686023569324168,0.215662475117736,4.9739,0.4159,3.20075250040505,0.455058254318554,1.25803385949129,0.8642,1.1461,0.69862962396582,0.970111570244942,1.72625412513422,4.54142402542527,2.08179432772742,0.008,1.2453406404354,3.3579,0.0265,0.125867040760658,0.605480027970708
"40","AMC-PC007","1","PC",4000,3.5858,3.82713384535582,0.0507077673891662,0.489024683005609,0.248893183105437,0.00924545477882589,2.69817347888385,1.71611164246587,0.0072,1.2135,0.124636763817361,3.5113,1.93634194321363,1.93673419840073,0.882507975833538,0.1968,1.1066,1.65384042809778,0.6842,0.0952,1.76468631483677,2.5786,0.0867,0.561,0.1979,0.00508530183727034,0.157642383256947,1.17028482111844,1.0542,2.45854908009254,0.184799744663565,0.6001,0.23820397794833,0.484694008704473,1.5689487609625,0.123647540418728,0.508215194474737,3.18038996163663,0.149408319821891,7.90718733853643,0.0949,0.047713971658596,0.076768592899715,2.52641884117145,1.47296978992632,0.521806178015517,8.76607142857143,2.73157401506916,0.940711348967545,0.0562880077839942,3.5257,0.2901,6.29405910112644,0.211656405092712,1.95993185158071,1.6821,2.484,0.843720662558175,2.24813225055525,2.35944500846024,6.81384914794683,2.96486041670989,0.0135,1.40393054364761,2.5197,0.0492,0.126880415944541,1.08833946144696
"41","AMC-PC070","1","PC",125.08,2.3562,2.91790163752274,0.075991705130778,0.532450581981826,0.852798683827807,0.0259535468714296,2.18477746246504,2.24564690324003,0.0181,0.67,0.3622555410691,1.9859,2.52767630824338,1.55716232303666,0.664266418943309,0.3784,0.931,1.74657363648661,0.6422,0.0731,1.62363416505287,2.2553,0.0762,0.166,0.2628,0.0148871458299984,0.206436609722715,2.81099625735163,0.6046,2.30233784093514,0.167676327097671,0.358,0.226588364295806,0.905667227679833,1.42685831324148,0.129492347454292,0.407702591969638,1.81918851712174,0.219975521300417,7.05846176776706,0.1571,0.180810572223511,0.158501130612684,7.25783330358736,1.58943948343847,0.528998004654351,9.25770785948951,4.82365000149419,1.01232242839295,0.044848892438317,4.2231,0.5539,6.01284893222825,0.325409970176159,1.31373872206662,1.4705,1.9227,3.24605002990067,3.12012884723535,2.27754358861179,4.6598043130259,2.93792482815402,0.008,2.52132003921937,4.2511,0.0409,0.360951748715978,0.887903243860395
"42","AMC-PC071","1","PC",22.72,4.7379,3.76396022997589,0.0608726903201021,0.753716281437021,0.497368481290598,0.0128232123304978,3.03524606552226,5.13278368409633,0.0221,1.0587,0.22072464917149,3.5144,1.96205901857418,3.49365184638811,0.885430747420131,0.4142,1.0472,3.55698066974611,1.1644,0.103,4.38467969970214,1.9196,0.1076,0.0779,0.1822,0.0756568007981377,0.154249986074751,4.22442455242967,1.8789,1.91669048883081,0.208021017740781,0.7541,0.210961416743093,1.01730675516212,3.5887997699677,0.0838053619691619,0.745571586927779,3.48594700357489,0.227573193669148,6.49172016984835,0.2275,0.0738186664704734,0.153827281648675,5.19771400565372,2.29908697526268,0.848944466905018,8.13709433835621,5.96219096456298,1.38371082827343,0.179189125849543,4.2204,0.8114,5.94208286310696,0.764253027316249,2.6606292922147,2.893,1.806,2.40454606308488,2.11082554196356,6.30824671562193,5.6725382901864,4.51525556977734,0.0091,2.18297300575715,7.1055,0.0687,0.179341101043907,1.28958245902488
"43","AMC-PC072","1","PC",144.68,0.8852,3.05324641264846,0.0509120018297215,0.347168261530248,0.324828407263699,0.0141267555945423,2.71541081607118,2.55857288944438,0.0412,0.6105,0.192946216815852,1.4847,1.29908724133968,1.72940039588026,0.62590279787459,0.2099,0.7822,1.20212053660126,0.3543,0.1007,1.61621956265922,0.5715,0.0423,0.1718,0.1492,0.0640225787284611,0.216937463108515,2.49486451048951,0.4888,1.67495597646351,0.147690918725835,0.3558,0.131558625423656,0.819255106110927,2.78874772533455,0.163694530945893,0.409012999355123,1.70343807940467,0.1664637328231,5.60905028095084,0.2125,0.097331336951134,0.11032468261993,6.30526336332234,1.30362506785693,0.443377158491964,10.9259734545721,4.09481581160639,1.00970075799856,0.0958043145914727,2.0158,0.6193,7.46185853914306,0.455694255043883,2.18257937849828,1.436,1.5774,3.64554853700684,2.22164887343607,3.8206791116833,1.30022916044352,1.82633701687436,0.0097,1.59505544188915,1.9806,0.0192,0.196139345733844,0.548437397163875
"44","AMC-PC008","1","PC",38.44,3.0825,6.89466075078518,0.0871729583589626,0.656373021665131,0.551356881918312,0.0395557681659886,4.61378348144145,1.69269203316313,0.0276,0.7528,0.0786455488803932,3.5658,2.14894058675195,2.17144884429314,0.94907312564224,0.0825,1.2795,1.11873255655093,1.2263,0.113,1.17825860252237,3.905,0.0373,0.8349,1.4832,0.0397781085103504,0.336992888489782,9.09946871310508,0.8136,2.21521472392638,0.264820980714348,0.5947,0.318052368180938,1.52831459574858,2.9452164369684,0.261077074558285,0.988775693040162,3.54184611008391,0.346664051197803,12.0932189537538,0.4508,0.432435168420383,0.368481955594127,4.26145989889329,2.98804886101023,1.24044135304813,8.21143847487002,6.9469222939714,1.39834242975541,0.344584857554595,3.1377,0.6007,8.81513181837027,1.02068466028742,3.0908550739963,1.8742,2.5245,1.59156273679094,2.76355675996307,5.25929887570269,5.70026477774845,3.00199690384813,0.0145,2.8105846151139,3.1784,0.0448,1.01341548153982,1.12345164516708
"45","AMC-PC009","1","PC",394.08,2.3041,4.46212509650689,0.0629518759988838,0.682948779484366,0.544142884263671,0.0167778341968742,2.17826108438274,1.23092974727568,0.0398,0.6431,0.153648539429627,1.5261,2.73266557265381,1.48234252812356,0.667663275923999,0.1668,0.8094,1.87104315826592,0.5753,0.0981,1.51550694678932,3.2863,0.0819,0.4408,0.1621,0.00763358778625954,0.2505271841107,3.18275658670861,0.8176,3.67137626852102,0.246375744410592,0.5114,0.1550374547597,0.985565486434598,2.18595336861679,0.189029985862745,0.567257786560066,2.73140080291951,0.182479321912371,8.43409770822377,0.155,0.0912917794459311,0.165554586569858,5.29879894005676,2.32099700874758,0.596297646072177,13.9419505831799,4.83613353842498,1.0517655444676,0.182175937035082,3.3119,0.6016,7.07267019529111,0.397790159126091,1.59334402172214,1.8978,1.8368,1.971057155301,3.5609821053499,2.96779223572427,6.1075650709784,3.20051128821688,0.012,1.60620325860531,3.5686,0.0349,0.226159728122345,1.02429234720199
"46","AMC-PC010","2","PC",900.8,0.9334,4.2454,0.0588,0.2242,0.2318,0.0124,0.8523,4.5974,0.0286,0.2725,0.1704,1.7964,3.6593,0.9511,0.5659,0.4084,0.528,1.2122,0.3102,0.0214,1.9948,0.3294,0.0286,0.2081,0.2166,0.1944,0.2261,21.0029,0.3915,1.6611,0.1641,0.2731,0.6348,2.1952,0.9793,0.1341,0.2668,1.5521,0.1206,6.5986,0.3125,0.3626,0.0808,2.907,1.2824,0.2895,6.2417,14.3496,0.6734,0.8791,0.1595,0.3041,5.2776,1.8207,1.6657,0.9363,1.3154,0.7293,5.4035,1.4538,2.0686,2.5112,0.006,1.1175,2.7057,0.0317,0.9519,0.4781
"47","AMC-PC011","2","PC",9.24,3.7189,7.5199,0.0831,0.7735,0.9102,0.02,2.4144,14.4269,0.0144,1.5571,0.1403,3.6995,3.6314,2.6094,1.651,0.2168,1.2498,1.7125,1.113,0.0491,1.7613,2.379,0.1133,0.2487,0.91,0.3005,0.3961,7.0173,2.3899,3.0924,0.3544,0.5323,0.4165,0.7029,2.0991,0.1485,0.7608,4.3236,0.356,11.6994,0.3955,0.1141,0.3152,9.8516,3.1024,0.8879,11.3905,3.2946,1.5703,0.1682,0.0756,1.1126,8.6602,0.4205,4.842,2.6156,2.9932,2.5551,4.3275,3.4502,9.4024,4.7459,0.0117,2.3251,1.9458,0.1714,0.2434,1.9641
"48","AMC-PC012","2","PC",365.08,2.5315,3.4344,0.1019,0.5368,0.465,0.047,1.6115,7.8663,0.0857,0.7741,0.2902,2.9744,2.675,1.4287,0.7864,0.0397,0.7211,0.7367,0.5177,0.0358,0.9801,1.8608,0.0413,0.2753,0.152,0.5036,0.3012,20.9182,0.83,2.1274,0.132,0.5414,0.3672,2.1599,1.5001,0.2187,0.3899,1.9633,0.2438,6.2812,0.1975,0.2217,0.1086,3.3031,1.6809,0.59,8.9855,6.7482,0.881,0.3361,0.1503,1.0872,7.774,1.8227,2.7313,2.3364,2.9265,1.5192,3.5935,2.201,4.2822,3.1417,0.0089,1.6627,1.7318,0.0506,0.4692,1.1911
"49","AMC-PC013","2","PC",7,3.9852,5.666,0.1382,0.7981,0.7451,0.0503,2.2846,7.9547,0.0473,1.9335,0.2567,3.4494,1.6721,3.0502,1.5505,0.2793,1.963,1.5559,0.8379,0.0633,2.0394,2.3497,0.057,0.4986,0.4204,0.3129,0.3257,19.0605,3.1028,3.6997,0.3844,1.1424,0.5015,1.2965,2.0391,0.1862,1.0305,5.1546,0.3269,7.6519,0.0505,0.094,0.4136,4.7776,5.2463,0.8823,13.3695,6.7848,2.1214,0.3624,0.0947,0.5609,9.0035,1.3283,3.6258,2.4021,3.8862,2.3378,1.46,3.5063,8.2743,5.1059,0.0106,3.533,2.8092,0.1302,0.3737,2.1267
"50","AMC-PC014","2","PC",906.8,4.3902,8.1583,0.1026,1.2569,1.0822,0.0251,3.6809,14.7644,0.0395,2.5806,0.2471,11.0419,3.9047,2.6213,1.8528,0.3211,2.7218,1.8959,0.735,0.0952,1.7457,2.299,0.1205,1.0509,1.3626,0.4533,0.4156,12.7329,2.6658,4.5124,0.6016,0.3948,0.6004,1.5097,2.3252,0.2148,1.0407,5.9786,0.5641,14.3333,0.4611,0.112,0.1811,6.9898,2.8927,1.1342,22.8883,5.2404,1.7249,0.2289,0.0704,2.0294,13.3028,1.6035,5.2504,3.3279,4.0972,1.978,5.371,4.9436,12.3639,6.5099,0.0127,3.2055,2.7678,0.1441,0.3952,2.4521
"51","AMC-PC015","2","PC",17.64,3.3491,3.3949,0.0702,0.5295,0.4556,0.0203,1.7449,19.4302,0.0076,0.9548,0.123,3.743,1.2935,1.6561,1.0696,0.1287,0.9318,0.5765,0.3727,0.0465,0.8722,1.0612,0.0446,0.3937,0.1449,0.4883,0.1611,11.8304,1.1653,2.1031,0.1303,0.3698,0.1934,1.1979,1.5028,0.1762,0.5727,1.963,0.1301,5.4982,0.1576,0.1305,0.1164,4.1086,1.6696,0.7658,5.8792,4.8567,0.8063,0.1717,0.1082,0.9041,6.6033,0.8313,3.2986,1.3906,2.1179,1.7342,1.8817,2.2637,6.0522,2.5883,0.0056,1.7852,1.2948,0.049,0.2307,1.5802
"52","AMC-PC016","2","PC",1200.4,3.1382,4.497,0.1261,0.6007,0.4618,0.1049,2.1378,15.0567,0.0132,0.8975,0.4178,3.1119,1.8433,1.9789,0.7369,0.1769,0.5919,0.5409,0.542,0.0972,0.7679,1.2757,0.0105,2.3177,0.3721,0.4427,0.189,6.6839,1.0195,2.6608,0.2055,0.5071,0.3653,0.7932,1.3591,0.2373,0.5397,2.1151,0.3716,5.0395,0.1896,0.2293,0.1547,3.4881,2.9621,0.6653,8.8523,4.0369,0.8092,0.0437,0.0496,1.1648,5.8376,0.5776,2.8137,1.2753,1.967,0.9718,2.4576,2.5165,7.4484,3.4786,0.0071,2.7019,2.2151,0.2102,0.62,1.5014
"53","AMC-PC017","2","PC",15.56,4.1622,5.1287,0.123,0.7657,0.4815,0.0678,2.4008,191.437,0.0108,1.4942,0.2192,8.0109,1.8812,1.6769,1.1865,0.3102,1.0189,0.5563,0.9941,0.0553,0.8394,0.8539,0.0984,0.1771,0.3536,0.4506,0.2355,8.1106,2.0017,2.1375,0.1649,0.9657,0.3173,0.7128,1.7005,0.1208,0.6959,4.8503,0.259,8.0584,0.2551,0.0775,0.2214,4.3625,2.8832,0.7604,8.8476,3.7034,1.0365,0.144,0.0085,0.696,7.3166,0.5965,4.3019,2.4062,3.8218,1.3481,1.8688,2.8845,10.1258,3.7197,0.0123,2.9243,1.5191,0.0889,0.2534,1.943
"54","AMC-PC018","2","PC",1416,2.4808,4.7906,0.0774,0.7166,0.2392,0.0864,1.6633,31.3635,0.028,1.2498,0.1253,4.4215,4.1273,1.569,1.4696,0.2876,1.1654,0.6652,0.8633,0.0364,0.7787,1.3325,0.1609,0.8931,0.6467,0.4209,0.2266,8.2731,2.14,2.8448,0.2296,0.7936,0.3292,0.7546,1.0886,0.191,0.6346,3.2898,0.2879,8.0048,0.1806,0.0832,0.2021,2.2683,2.4337,0.7419,8.8673,2.5252,0.6284,0.1081,0.0414,0.5108,6.5544,0.5593,3.0109,2.8424,3.3713,0.434,5.0898,1.8752,9.6546,4.345,0.0069,1.5129,2.6988,0.0923,0.1596,1.2816
"55","AMC-PC028","2","PC",3.96,1.7712,4.13,0.0768,0.4554,0.2311,0.0209,1.3161,1.0915,0.0634,0.951,0.1724,2.3127,2.3571,1.0728,0.7993,0.1713,0.9769,0.995,0.517,0.0306,1.1572,0.7478,0.176,0.2379,0.3619,0.6101,0.1865,10.082,0.6385,1.6407,0.1385,0.3953,0.3245,1.2319,1.5561,0.0662,0.376,1.7659,0.2947,6.1037,0.2814,0.1072,0.1443,1.9464,1.4287,0.3746,5.5154,4.5276,0.6885,0.1204,0.063,0.359,4.4781,0.999,1.7612,1.6885,2.005,0.8866,3.5003,2.2866,1.9598,2.8867,0.008,1.8396,1.1464,0.1351,0.1177,1.0028
"56","AMC-PC029","2","PC",33.32,2.782,5.181,0.0971,0.8626,0.1859,0.0113,1.952,30.2246,0.0629,0.9725,0.1596,4.5929,2.3711,1.4059,1.0217,0.4948,1.1705,1.0961,0.7549,0.0488,1.3376,1.4952,0.0496,0.5161,0.3435,0.3602,0.2292,18.399,1.4921,2.8672,0.1823,0.8734,0.3712,1.2155,1.3257,0.1407,0.4605,3.8002,0.2677,8.352,0.2146,0.0864,0.2836,1.4904,1.5722,0.536,11.9455,4.3658,0.7242,0.2227,0.1588,0.3347,6.5117,0.8794,2.7379,2.0243,2.6343,0.4957,3.194,2.5092,6.777,3.0025,0.0074,1.4702,2.2083,0.1008,0.312,1.7177
"57","AMC-PC030","2","PC",4.88,3.6283,6.2209,0.0981,0.8008,0.5448,0.0485,2.2939,26.7279,0.0696,1.5616,0.3625,5.4771,2.7567,1.5166,1.6291,0.2467,1.3557,1.4681,0.9643,0.0549,2.3098,1.4415,0.1858,0.2313,0.4187,1.0349,0.364,5.2811,1.8543,3.2382,0.1982,1.0202,0.397,0.8157,2.0115,0.3124,0.8401,4.8822,0.3294,11.1788,0.4048,0.1458,0.257,3.8816,2.3839,0.9261,11.1495,2.6406,1.1288,0.1925,0.0134,1.3033,9.9144,0.4285,4.0559,2.697,3.2637,1.6256,3.9107,3.2637,7.7602,4.926,0.0123,2.4854,1.6276,0.7941,0.2523,1.9345
"58","AMC-PC031","2","PC",7.96,2.3222,4.7122,0.0647,0.3013,0.3981,0.0216,1.5469,4.7802,0.0366,1.01,0.1249,3.3732,2.5077,2.0483,1.1914,0.1524,1.0363,1.1011,0.547,0.0618,1.2389,0.8806,0.0846,0.1611,0.1864,0.2863,0.1841,1.2293,1.3772,2.0689,0.1538,0.3577,0.2023,0.2472,1.5822,0.1782,0.569,2.8493,0.2135,7.7537,0.2147,0.048,0.0261,2.4433,1.4805,0.5182,7.9593,1.2221,0.8411,1e-04,0.1896,0.8669,7.1442,0.0933,3.0273,1.9085,2.5794,1.195,3.8255,2.8486,5.196,2.586,0.0088,1.4611,1.3372,0.0565,0.1122,1.3619
"59","AMC-PC032","2","PC",948.8,1.528,6.678,0.0867,0.6046,0.5189,0.0296,1.6372,18.4551,0.0091,1.0518,0.4178,3.0217,3.4887,2.0376,1.2896,0.3839,1.4476,0.6303,0.6178,0.0114,1.0115,1.8505,0.1429,0.4543,0.3145,0.4511,0.291,12.376,1.6327,3.8566,0.319,0.4671,0.4477,1.4069,2.2231,0.1357,0.8372,3.7989,0.2534,10.6679,0.2797,0.1711,0.2194,3.4379,2.6522,0.8099,13.5409,7.1933,1.2516,0.1265,0.0551,1.1469,9.7469,1.1055,2.9216,2.8104,3.4812,1.3858,4.8457,3.9229,6.9233,3.9057,0.0142,4.1792,2.4621,0.0382,0.4318,1.0594
"60","AMC-PC033","2","PC",3312.4,1.0543,6.95,0.0812,0.3937,0.6221,0.0291,1.083,6.2835,0.0576,0.3572,0.2363,2.3115,10.9109,1.4223,0.72,0.1739,1.6058,0.5479,0.4715,0.0324,0.7064,1.0034,0.0553,1.4083,0.3586,0.4508,0.2459,12.2168,0.7249,3.2126,0.3267,0.4428,0.3559,1.3755,1.5232,0.2203,0.4803,1.9602,0.308,10.7836,0.3868,0.7943,0.2117,4.7307,2.0708,0.6031,9.3495,7.1922,1.0509,0.1961,0.2613,0.5739,6.714,0.9453,1.7388,1.6466,2.963,2.2094,14.2775,2.3997,3.953,2.9559,0.0111,3.0161,2.2585,0.0503,1.3443,0.574
"61","AMC-PC034","2","PC",849.2,2.1285,4.4732,0.0851,0.3482,0.6179,0.0313,1.279,6.0818,0.0083,0.9689,0.1546,2.6893,2.4814,1.0315,0.9549,0.3956,1.0753,0.4016,0.4625,0.0277,0.7179,0.715,0.0371,0.2062,0.1174,0.4231,0.1663,8.7127,1.1552,2.1855,0.1557,0.3802,0.2019,1.0064,0.6963,0.2014,0.3452,2.4449,0.1325,8.2054,0.071,0.0753,0.0986,3.3594,2.0198,0.5973,6.9041,5.8412,0.4345,0.2195,0.3641,0.3445,5.3729,0.6742,2.3896,1.8984,2.4372,1.1219,3.3637,1.0324,5.6661,3.2792,0.0111,0.3463,1.9471,0.0472,0.1863,0.7875
"62","AMC-PC035","2","PC",50.76,2.0177,5.2192,0.0735,0.4687,0.4754,0.0299,1.3556,7.009,0.0211,0.9489,0.1656,3.433,2.2204,1.3038,0.8607,0.2565,0.9416,0.3894,0.5657,0.0552,0.5267,1.1976,0.0744,0.1622,0.1518,0.5263,0.1981,5.4487,0.9798,2.3189,0.1452,0.5049,0.1647,0.6518,1.6553,0.1886,0.5215,2.5894,0.1706,7.2392,0.2201,0.0693,0.1925,3.5137,1.8095,0.4868,7.695,2.7923,0.8421,0.2065,0.0079,0.7374,7.4171,0.3572,3.0837,1.6748,2.0444,1.4252,2.8812,1.6451,5.2692,2.9366,0.0073,2.5906,1.5247,0.0619,0.1779,0.9175
"63","AMC-PC036","2","PC",11.36,1.1958,5.1445,0.0781,0.324,0.3728,0.0552,1.4315,4.4997,0.0265,0.7521,0.223,1.1551,4.0106,1.2349,0.6751,0.2366,0.9029,0.3067,0.4462,0.0549,0.4004,0.6652,0.0181,0.4389,0.2571,0.2168,0.1065,13.2957,1.1422,1.8317,0.1541,0.2978,0.2702,1.1999,0.9466,0.1614,0.2641,1.5037,0.2454,6.8782,0.1342,0.057,0.0216,3.5196,1.3799,0.2788,6.822,8.6097,0.7066,0.2168,0.0351,0.3812,5.1838,1.0225,2.5592,1.3837,2.5292,1.337,5.0052,1.4002,4.3416,2.273,0.0085,1.5241,2.7988,0.053,0.1338,0.6213
"64","AMC-PC046","2","PC",107.88,1.7734,2.5645,0.0681,0.2298,0.4698,0.0466,1.4304,26.9821,4e-04,0.5781,0.1442,2.1189,3.9762,0.7793,0.4782,0.2844,0.7835,0.5826,0.3615,0.0631,0.4706,4.2033,0.054,0.2504,0.2215,0.464,0.1586,5.3802,0.6808,1.6006,0.1563,0.2102,0.1283,0.4945,0.6317,0.1035,0.2366,1.5416,0.1379,7.3508,0.3002,0.3996,0.1105,3.9202,1.7355,0.3731,4.7257,2.3664,0.686,0.065,0.0196,1.301,5.0865,0.3059,2.1527,1.2131,1.8826,0.952,5.3863,0.9793,4.3108,3.1677,0.01,1.5577,2.2409,0.0407,0.9808,0.4235
"65","AMC-PC047","2","PC",3.36,2.1261,4.7495,0.0772,0.2818,0.5791,0.048,1.3134,7.126,0.0549,0.6358,0.1833,3.391,4.2215,1.2927,0.8499,0.314,1.0869,0.6536,0.4994,0.0177,0.8902,3.1566,0.0349,1.0396,0.1351,0.5644,0.2182,18.7326,0.7439,2.2166,0.0611,0.266,0.141,1.9163,1.6611,0.2231,0.4439,1.7084,0.1708,7.0059,0.448,0.3191,0.1473,3.2281,1.8119,0.614,6.1896,7.3371,1.195,0.2059,0.2257,0.8607,7.412,1.4953,2.4567,1.6644,1.9818,1.2975,5.8311,2.5284,5.1433,2.8714,0.0088,1.2247,2.2233,0.0544,0.6377,0.7716
"66","AMC-PC048","2","PC",654,1.9176,4.8996,0.0611,0.4299,0.4717,0.037,1.705,23.8503,0.0123,0.9228,0.1345,3.5658,2.263,1.2775,0.8118,0.3159,1.0796,0.88,0.4013,0.0629,1.2189,1.5486,0.0398,0.9916,0.3089,0.4248,0.2584,3.7441,1.0828,3.1682,0.2202,0.3749,0.2808,0.6251,1.485,0.1457,0.4776,2.8044,0.2292,7.125,0.156,0.0692,0.0547,3.9064,1.8285,0.5492,11.4125,2.9431,0.7133,0.1148,0.0771,0.3517,6.5017,0.2992,2.7227,1.6194,2.1538,1.6213,3.516,2.9725,5.5695,2.877,0.008,1.9035,0.8874,0.056,0.13,1.2278
"67","AMC-PC049","2","PC",57.04,1.2929,4.2553,0.0657,0.4014,0.1564,0.0122,1.4785,12.9127,0.0198,0.5138,0.1779,4.1967,1.6118,1.4845,0.54,0.0929,0.8554,2.3465,0.6478,0.0499,4.7722,0.8895,0.0576,1.1575,0.4123,0.3605,0.209,2.5473,1.2405,1.5596,0.1648,0.7895,0.1516,0.3351,1.7401,0.1322,0.4917,2.5418,0.1484,6.5822,0.3848,0.181,0.2352,1.6036,1.9531,0.5547,5.9443,1.2304,0.7767,0.0147,0.0184,0.8964,5.9155,0.1748,2.737,1.6718,1.924,0.4846,2.1783,2.7849,4.5768,2.3044,0.009,2.3044,1.5238,0.1082,0.4239,0.8121
"68","AMC-PC050","2","PC",12.96,2.3094,2.4894,0.071,0.4747,0.3959,0.0066,1.3489,7.8153,0.0355,0.8836,0.1156,3.1926,1.1588,1.1246,0.7499,0.0814,0.6109,1.2487,0.4176,0.0509,1.4532,1.3154,0.0778,0.9363,0.1423,0.3523,0.1663,4.0529,1.2265,1.653,0.1427,0.4561,0.2147,0.4528,1.0894,0.123,0.5074,2.1444,0.1778,4.9717,0.2078,0.0718,0.1576,3.3291,1.3763,0.4073,6.5565,1.8223,0.8326,0.0358,0.0071,0.7572,4.4447,0.3479,2.5969,1.445,1.6877,1.4007,1.8588,1.8288,5.0434,1.8367,0.0063,1.9717,1.2211,0.0891,0.0871,0.8717
"69","AMC-PC051","2","PC",30.08,2.0344,3.5684,0.0672,0.4694,0.3404,0.03,1.5986,3.5328,0.02,0.7965,0.3641,5.8328,1.7754,1.3052,1.3774,0.1508,0.9469,0.688,0.6068,0.0104,0.7855,1.4582,0.0316,0.7462,0.5427,0.4001,0.1479,3.8164,0.9633,1.6117,0.1356,0.6299,0.2031,0.3822,1.6219,0.1237,0.6939,2.4692,0.1619,5.6445,0.4562,0.0892,0.0991,2.1663,1.7917,0.7157,5.5214,1.5496,0.7209,0.1486,0.0919,0.7663,5.3165,0.1881,2.6184,2.5491,1.8153,0.8008,2.6045,2.8219,5.0426,2.7031,0.0076,2.4924,1.6185,0.06,0.1869,1.2771
"70","AMC-PC052","2","PC",343,1.4193,4.8131,0.0626,0.4496,0.2362,0.0258,1.6494,19.5649,0.0232,0.7625,0.1341,3.7466,2.1947,1.487,0.9151,0.0536,0.8923,0.8655,0.4911,0.0414,0.9432,1.3437,0.0754,0.5649,0.2374,0.3277,0.1549,5.6723,1.0733,2.1822,0.2557,0.4431,0.2193,0.7328,1.1552,0.0977,0.4107,2.7269,0.1785,7.1207,0.1081,0.0361,0.2057,2.0239,1.8401,0.4332,6.7565,2.4279,0.7417,0.0883,0.0805,1.1331,4.9843,0.5155,2.7709,2.0439,2.1868,0.6083,2.8387,2.331,3.7247,2.9441,0.0081,1.4404,1.2306,0.0447,0.1755,0.9747
"71","AMC-PC053","2","PC",27,3.0141,5.7235,0.1539,0.7127,0.7824,0.035,2.551,34.9936,0.1272,1.3733,0.3124,8.382,3.0356,2.1593,1.5048,0.3981,1.4498,0.9095,0.7456,0.1068,1.3703,2.0423,0.1301,0.7016,0.4754,0.2798,0.2847,12.9928,1.4929,3.4647,0.0756,1.4945,0.3265,1.0565,2.5456,0.185,0.7221,3.1845,0.386,8.8675,0.5008,0.088,0.209,5.7598,1.9778,0.8815,11.2997,4.3697,1.3414,0.5824,0.0681,0.6081,8.7047,0.6037,3.5907,3.3208,2.5895,1.7767,3.9896,3.8304,7.9114,4.1852,0.0162,2.1723,1.9241,1.0572,0.215,1.8037
"72","AMC-PC054","2","PC",66.6,1.6245,5.3287,0.0595,0.4763,0.459,0.0343,1.4441,12.0986,0.0318,0.6602,0.1709,2.2646,5.803,1.7098,0.8596,0.6461,1.2805,1.128,0.5706,0.0603,1.7101,1.8621,0.0881,1.2338,0.5836,0.5378,0.2007,8.4097,0.7731,2.6594,0.1885,0.5956,0.5076,0.8022,1.1221,0.1211,0.3887,2.1201,0.1899,8.6358,0.2295,0.1303,0.0629,4.6504,1.7202,0.5377,9.9481,2.7161,0.835,0.2644,0.3624,0.8193,6.2937,0.6123,2.8112,2.425,2.3266,1.7264,7.5613,1.7536,4.154,2.6241,0.006,2.0844,3.1098,0.0903,0.2672,0.7106
"73","AMC-PC073","2","PC",41.56,2.3851,6.5181,0.0785,0.4649,0.3526,0.055,1.599,6.9456,0.0756,0.9918,0.2829,3.3714,2.1283,1.6491,0.8041,0.2356,1.1734,0.752,0.842,0.0623,0.9313,1.231,0.0763,0.1557,0.3387,0.2384,0.2555,21.2601,1.597,3.4185,0.2959,0.8838,0.2578,1.6965,1.4898,0.1453,0.5913,2.6929,0.2875,8.7479,0.1885,0.0334,0.2764,2.3308,2.1634,0.7439,8.299,8.4331,0.9977,0.4612,0.0544,0.3282,7.8117,1.622,2.326,1.8651,2.2564,0.8651,3.2623,2.634,6.0454,3.9684,0.0059,2.0805,3.319,0.1571,0.3303,1.0865
"74","AMC-PC074","2","PC",8.2,1.8608,5.0665,0.0711,0.4478,0.6198,0.0228,1.54,26.0672,0.0426,0.5678,0.1763,3.0165,2.1037,1.1573,0.8403,0.2244,0.7718,0.6136,0.4209,0.0551,0.7316,0.4562,0.095,0.4879,0.2167,0.2393,0.2429,7.7837,1.2108,2.0211,0.064,0.5521,0.357,0.5982,1.1525,0.1893,0.3766,2.21,0.2271,6.9751,0.1974,0.0982,0.0829,3.942,2.4016,0.3954,7.2872,2.4032,0.7889,0.0622,0.18,0.9408,5.2684,0.3668,2.8871,1.7284,1.8019,1.2143,3.2306,1.8756,5.5382,2.4289,0.0047,2.2153,1.354,0.0914,0.194,0.9844
"75","AMC-PC075","2","PC",80.44,2.7393,6.0341,0.0975,1.0587,0.5862,0.0491,2.7721,22.5074,0.057,1.1545,0.2144,4.3551,2.1999,2.0828,1.7184,0.1559,1.1421,1.1877,0.603,0.1025,1.7071,1.7055,0.0426,0.6625,0.1242,0.4279,0.4114,26.3918,0.2008,3.3729,0.2615,0.4171,0.3652,3.3455,2.1104,0.2945,0.847,4.8714,0.3735,10.5161,0.133,0.1197,0.1705,3.9391,3.0758,1.1087,15.3039,11.2591,1.1444,0.3928,0.1606,1.3311,9.9553,3.1167,4.76,1.8352,2.5665,1.4104,2.934,3.6652,6.0937,4.8659,0.0062,2.636,2.2489,0.0823,0.341,2.442
"76","AMC-PB006","3","PB",16.08,0.7121,5.3163,0.067,0.6506,0.1621,0.0068,1.7329,0.7236,0.0298,0.8031,0.0701,6.175,1.7281,0.9651,0.6614,0.3901,0.7266,2.6336,0.4227,0.1006,2.748,1.0858,0.0803,0.0412,0.5256,0.2401,0.1308,4.6917,0.8526,1.7186,0.0023,0.815,0.1947,0.7051,0.9208,0.1201,0.3021,1.5178,0.1261,5.6603,0.2839,0.0496,0.0862,0.8135,1.7944,0.32,2.9448,5.5632,0.3913,0.0516,1.8564,0.1589,3.6812,0.6528,2.0701,1.897,1.3412,0.3524,2.9978,2.1334,4.6734,1.7193,0.0095,1.4821,6.4441,0.0839,0.1491,0.635
"77","AMC-PB007","3","PB",11.32,0.8202,4.2527,0.0784,0.7318,0.2988,0.02,1.6952,0.664,0.0387,0.9848,0.0994,7.3001,1.4372,1.3817,0.6667,0.4562,0.8073,1.337,1.8295,0.1484,1.6123,2.1677,0.0178,0.7581,0.4823,0.3718,0.134,6.5984,0.9655,1.9707,0.0029,1.1782,0.1965,0.9021,0.9995,0.0906,0.2806,2.751,0.1618,6.1315,0.2119,0.0783,0.264,1.0329,1.4196,0.3934,2.5765,7.8519,0.5258,0.0563,2.8485,0.112,3.9409,0.6515,2.0244,1.8145,1.7424,0.5553,2.3118,2.161,5.4146,1.7208,0.0114,2.1443,5.4981,0.0745,0.1415,0.7247
"78","AMC-PB009","3","PB",7.96,0.9685,4.9744,0.0701,0.5569,0.4135,0.0418,1.8871,0.5651,0.1462,0.8405,0.1177,5.6082,1.8928,2.0011,0.8339,0.4246,0.8846,1.5233,0.6691,0.2018,2.1764,1.2561,0.0837,0.2822,0.2342,0.7186,0.1863,12.1609,1.1315,1.5593,0.0072,1.3666,0.2413,1.3085,1.4374,0.0944,0.4799,3.6628,0.1669,6.8425,0.2052,0.0487,0.5876,1.3999,2.0165,0.5744,2.588,9.0774,0.7152,0.1517,3.8637,0.1869,4.9078,1.3817,2.4649,1.6742,1.6085,0.7488,3.4803,2.623,7.1489,2.5275,0.0207,2.7195,13.5139,0.0749,0.2624,0.776
"79","AMC-PB010","3","PB",11.76,0.8629,6.2377,0.1192,0.9126,0.6075,0.0264,2.4929,1.1136,0.0591,1.4407,0.1354,7.7111,1.1769,2.0522,1.2729,0.9155,0.8947,2.1613,0.8975,0.0863,2.932,1.6711,0.0727,0.2144,0.3398,0.5653,0.1367,13.5609,1.3356,2.562,0.0013,1.1255,0.2759,1.4906,1.6849,0.1211,0.5359,2.9844,0.1985,7.9394,0.0692,0.0393,0.2636,2.9897,2.1967,0.5106,4.0317,7.8942,1.0724,0.165,3.9269,0.1453,5.8495,1.0447,3.0179,2.2473,1.7954,2.1026,2.3274,3.313,6.4978,2.6481,0.014,1.4058,4.4994,0.0819,0.1434,1.0564
"80","AMC-PB011","3","PB",16.36,0.3682,3.2933,0.0424,0.3673,0.22,0.0252,0.9853,0.311,0.0229,0.5638,0.0421,4.3551,1.4361,0.8692,0.327,0.4166,0.6419,1.0482,0.7861,0.0979,1.1715,0.54,0.0912,0.0911,0.4662,0.7357,0.1336,2.1605,0.665,1.8826,0.0011,0.4908,0.1609,0.3409,0.9451,0.0407,0.2624,1.6972,0.1169,3.8161,0.2288,0.073,0.2121,0.8556,1.3409,0.2135,2.4678,3.5669,0.3349,0.0875,2.6311,0.116,3.0534,0.2011,1.5188,1.3255,1.2216,0.5603,1.6533,1.8314,2.9856,1.7048,0.0094,1.2832,7.5738,0.064,0.1607,0.3903
"81","AMC-PB014","3","PB",7.2,1.0361,4.5241,0.0852,1.0193,0.2708,0.0414,2.2259,0.4246,0.0644,1.1698,0.1339,3.2709,1.287,1.2836,0.8816,0.4528,0.8987,1.4976,0.8517,0.1163,2.114,1.5602,0.0343,0.0686,0.2552,0.5945,0.1539,8.1221,0.9871,2.1389,0.0057,0.7016,0.1981,1.031,1.1722,0.0941,0.3188,3.414,0.133,7.6957,0.1459,0.0387,0.2851,1.0837,2.1736,0.4046,2.6289,7.9541,0.5497,0.0388,5.4502,0.0844,5.333,0.911,2.5359,2.0379,1.6202,0.6035,2.5422,2.4942,6.2,2.2067,0.0191,1.4676,4.8913,0.0979,0.1839,0.9459
"82","AMC-PB015","3","PB",16.6,0.926,4.7637,0.0716,0.7132,0.8768,0.0248,2.0353,0.2966,0.139,0.8659,0.037,4.156,1.6489,1.4803,1.1261,0.9247,0.9258,1.7251,1.0589,0.0968,1.7914,1.2893,0.0648,0.0277,0.2932,0.4786,0.1491,4.6704,0.7887,2.0215,0.0041,0.6715,0.1518,0.7562,1.4081,0.0743,0.4506,2.6892,0.1064,6.1742,0.0824,0.0887,0.211,2.6044,1.9824,0.4761,3.3426,4.7921,1.0815,0.2455,4.4084,0.1381,5.7162,0.672,2.4622,2.1203,1.6405,1.7712,3.3877,2.8887,5.4976,4.7402,0.0174,1.6729,2.6335,0.0841,0.1586,0.8409
"83","AMC-PB016","3","PB",23.88,1.3451,3.9076,0.0986,0.6915,0.5399,0.0305,1.5603,0.9057,0.0347,1.1733,0.0561,4.7839,1.4004,2.6383,1.1575,0.1837,0.9361,1.7779,0.4309,0.1095,2.0721,0.7963,0.1456,0.1665,0.2969,0.95,0.1163,15.2942,1.363,1.7391,0.0027,1.1512,0.3105,1.8406,1.5531,0.0781,0.3667,3.3776,0.142,6.3718,0.2336,0.0636,0.1594,1.7359,2.3111,0.4949,3.023,10.2145,0.9635,0.1967,2.424,0.0818,4.71,1.2924,1.7096,2.2233,1.7591,1.1037,3.2774,2.5645,7.2959,2.0708,0.0165,1.0902,4.2896,0.0799,0.136,0.9689
"84","AMC-PB018","3","PB",12.8,0.4955,4.5988,0.0943,0.453,0.5483,0.0328,1.5921,0.1459,0.1335,0.969,0.0379,4.4369,2.0485,0.8653,0.3859,0.9756,0.9024,0.9228,0.5877,0.1329,1.1917,1.0895,0.0478,0.4522,0.3659,0.3961,0.192,11.7349,1.242,2.0628,0.0017,0.5687,0.1971,1.811,0.9164,0.074,0.2675,2.6568,0.118,6.7034,0.207,0.0342,0.068,2.1843,1.8359,0.3057,2.804,11.436,0.7945,0.1479,3.3905,0.0681,4.3681,1.5553,2.0756,1.2858,1.6387,1.0433,4.1418,1.8718,4.2723,2.5114,0.0151,1.2872,4.1472,0.0922,0.2343,0.4551
"85","AMC-PB019","3","PB",11.36,1.3379,4.5754,0.1341,0.5887,0.3689,0.036,1.6526,0.9248,0.0299,0.9677,0.1364,6.4339,1.0455,2.1993,1.0839,0.2928,0.9139,2.084,0.8461,0.0978,2.6968,2.8483,0.0651,0.1525,0.1447,1.0224,0.1407,16.4174,0.9725,2.0707,0.0033,0.9315,0.1744,1.8041,1.6588,0.093,0.4996,2.9916,0.152,7.2206,0.1649,0.0611,0.1047,1.4504,1.6421,0.6796,2.7623,15.2254,0.924,0.3904,3.8163,0.3086,5.4406,1.9211,3.3367,1.6441,1.6505,0.8253,1.9572,2.6983,6.3915,2.475,0.019,2.1038,6.5312,0.0758,0.1428,0.704
"86","AMC-PB020","3","PB",4.8,0.6315,4.2215,0.0567,0.6266,0.137,0.0091,1.1551,0.2398,0.0211,0.8,0.0591,2.9583,0.8134,1.1039,0.6479,0.6156,0.6264,1.8655,0.4774,0.1521,2.2802,0.9551,0.0758,0.2457,0.0982,0.4763,0.1843,1.4525,0.6265,1.3967,0.0021,0.6992,0.1184,0.2297,1.1677,0.1048,0.2784,2.2412,0.065,5.1231,0.191,0.0564,0.191,0.4625,1.481,0.3556,2.0524,2.8451,0.5632,0.0463,3.3509,0.0614,3.6584,0.153,1.5815,1.5437,1.1147,0.4566,1.5993,2.8599,1.7318,1.3388,0.0115,1.0736,5.3654,0.0674,0.0876,0.64
"87","AMC-PB021","3","PB",7.36,0.8843,5.568,0.0745,0.7406,0.7866,0.0454,2.2372,1.5737,0.1124,1.1397,0.0487,7.1807,2.2834,1.4242,0.9701,0.3237,1.3707,1.9198,1.8075,0.1432,2.7119,1.9993,0.0884,0.7051,0.5765,0.5281,0.1871,2.4731,1.0845,2.4488,0.0035,1.2222,0.2607,0.5417,1.3957,0.055,0.4487,3.2856,0.1539,8.892,0.3811,0.1246,0.2632,2.4879,2.4133,0.5719,2.9346,3.6782,0.6911,0.0136,6.0033,0.1007,5.961,0.3075,2.9331,2.7201,2.0301,1.3369,4.0154,2.5219,6.4602,3.3276,0.0128,3.8286,6.2702,0.0658,0.2147,0.8905
"88","AMC-PB022","3","PB",8.4,1.2041,4.8893,0.1067,0.9382,0.6815,0.0363,2.1201,1.7686,0.0844,1.2245,0.1178,6.0458,2.2784,1.8351,1.0018,0.7312,1.1715,1.6714,1.3207,0.2288,2.3967,2.7571,0.0781,0.1234,0.6348,0.4202,0.1613,13.98,1.2376,2.3365,0.0015,1.3579,0.2605,1.7265,1.3518,0.13,0.4004,4.1436,0.1651,8.9114,0.1257,0.0832,0.3329,3.1037,1.913,0.643,2.8812,11.022,0.7588,0.0373,1.4977,0.0161,5.1428,1.8797,3.5831,2.5211,2.2367,1.1066,5.1128,3.1649,9.3629,2.6728,0.0216,1.9541,8.5531,0.1016,0.1931,0.9483
"89","AMC-PB023","3","PB",14,0.4899,4.2614,0.1008,0.4282,0.8997,0.0228,1.2202,0.2894,0.0822,0.5268,0.0712,2.6752,2.2807,1.3645,0.7174,0.3993,0.7852,1.366,0.9767,0.1265,1.8002,1.8717,0.0125,0.5138,0.2619,0.5141,0.1509,4.8865,0.5833,1.5768,0.0049,0.7071,0.2184,0.9648,1.2343,0.1262,0.2517,1.649,0.1439,5.648,0.0993,0.0912,0.1801,3.2371,1.4719,0.1425,2.2673,6.7862,1.2981,0.0843,2.1172,0.0611,5.1401,0.615,1.8211,1.7635,1.7118,2.9628,3.7518,2.8478,3.4721,2.9341,0.0094,0.6165,2.5896,0.0316,0.1645,0.4642
"90","AMC-PB024","3","PB",4.72,0.708,4.7633,0.0664,0.8121,0.1417,0.0548,1.8176,0.7158,0.0056,0.9231,0.1207,5.2997,1.7685,1.3606,0.8914,0.4133,0.8808,1.7691,1.0789,0.1597,2.3904,1.4456,0.163,0.3606,0.9092,0.4969,0.1329,6.5987,0.7905,1.626,0,0.8974,0.1985,1.1057,1.3056,0.0713,0.3318,2.7172,0.1451,6.0384,0.3504,0.076,0.3084,0.6707,1.858,0.2849,2.6618,7.7693,0.4751,0.1562,3.7427,0.1253,3.4879,0.884,2.3542,1.4804,1.5696,0.3644,3.1971,2.4617,6.3703,2.2607,0.0168,1.7844,7.1892,0.0871,0.1591,0.7184
"91","AMC-PB025","3","PB",14.56,0.4375,3.114,0.0793,0.3941,0.3528,0.0388,0.984,0.4291,0.0906,1.2547,0.0862,2.9586,0.7047,1.517,0.5773,0.3742,0.6478,0.9172,0.7074,0.2375,1.1272,1.6978,0.0626,0.2272,0.2045,0.6049,0.1798,4.0757,1.4254,1.3724,0.0031,0.5827,0.1988,0.606,1.2023,0.0836,0.3229,2.6786,0.1237,5.463,0.0976,0.0449,0.073,0.9528,1.8072,0.326,2.1852,3.8536,0.7103,0.0658,1.5343,0.0971,5.3589,0.536,1.2347,1.7541,1.1545,0.7674,1.1146,1.998,6.5112,2.3864,0.0146,1.7226,3.9926,0.1031,0.243,0.4525
"92","AMC-PB032","3","PB",27.64,0.5993,3.9247,0.0581,0.6157,0.1771,0.0296,1.5456,0.686,0.0405,0.7114,0.0705,3.5099,1.7951,1.2309,0.6837,0.3378,0.8782,1.3628,0.9161,0.104,1.6554,0.6749,0.0853,0.0895,0.1716,0.3266,0.1112,6.8305,0.8888,1.6131,0.0079,0.5995,0.108,1.0608,0.7952,0.067,0.2508,1.8177,0.095,5.4263,0.0896,0.0444,0.3269,0.4829,1.5033,0.2919,2.2913,7.6071,0.5946,0.1096,4.1855,0.0544,4.6081,0.9125,1.6923,1.6916,1.3975,0.358,3.6753,1.7463,4.2085,2.1573,0.0111,0.8578,3.9411,0.0501,0.108,0.4249
"93","AMC-PB033","3","PB",6,0.8606,5.3962,0.0783,0.6122,0.3782,0.0358,1.563,1.126,0.0227,0.8939,0.0965,4.132,1.7155,1.1395,0.9483,0.5985,0.9852,1.3143,1.3453,0.1231,1.8864,2.1502,0.0525,0.1486,0.1901,0.6559,0.2507,11.8558,0.1007,1.9999,0.0018,0.698,0.1617,1.4867,0.9886,0.0781,0.3155,2.7602,0.1031,7.6459,0.2256,0.0812,0.3214,1.5959,2.1965,0.4241,2.5989,10.3709,0.8471,0.155,1.9179,0.0414,5.2734,1.2815,1.7606,1.5048,2.2824,0.8558,2.3846,2.2223,6.3959,2.7028,0.0213,2.1301,5.8045,0.8078,0.2067,0.6934
"94","AMC-PB034","3","PB",26,0.9733,4.7697,0.0861,0.7947,0.3584,0.061,2.0201,0.72,0.1168,1.0775,0.1265,5.2891,1.5276,1.852,0.987,0.6203,1.0412,1.6244,0.6073,0.194,2.623,1.6249,0.0579,0.2216,0.2421,0.3594,0.2479,7.2744,0.8427,2.4512,1e-04,0.7251,0.1887,0.9413,1.5607,0.1302,0.5574,2.7686,0.1043,4.4036,0.0855,0.1041,0.177,1.1998,2.0775,0.5508,4.4294,5.9534,0.9154,0.0255,3.8495,0.0636,7.1135,0.9059,2.3177,2.2076,1.7786,0.9359,1.7559,3.3946,2.6038,3.7004,0.0197,2.4726,3.668,0.0772,0.2837,0.8542
"95","AMC-PB035","3","PB",28.84,0.6843,3.8415,0.0593,1.3482,0.4976,0.029,1.577,0.187,0.0634,0.5329,0.043,2.7972,1.3904,2.1482,0.7583,0.6243,0.6715,1.3451,1.1579,0.1324,1.9638,1.9702,0.0767,0.182,0.3584,0.7697,0.1769,3.4462,0.9,1.2192,0.0056,0.5907,0.1108,0.555,1.652,0.0839,0.3967,3.0628,0.0858,4.7977,0.1246,0.0798,0.1767,1.539,1.5964,0.3604,1.9585,3.9621,0.857,0.1061,4.0795,0.1232,5.2915,0.472,1.9079,2.1652,1.28,1.4909,2.6852,3.6862,5.3655,2.2625,0.0237,1.6569,4.688,0.0798,0.1897,1.4522
"96","AMC-PB036","3","PB",31.52,0.4093,6.0316,0.1234,0.5766,0.5513,0.0158,1.5226,0.491,0.2402,1.1864,0.1854,5.976,2.146,1.6099,1.2765,0.5527,1.1229,0.8856,1.6043,0.1836,1.0664,2.4699,0.1915,0.1444,0.7264,0.6218,0.1777,8.6933,1.1297,2.1094,0.0054,0.8267,0.3789,1.6608,1.6872,0.1411,0.4378,3.2997,0.2345,8.93,0.6753,0.1263,0.0906,2.0526,2.1575,0.5616,3.2686,9.3272,1.1959,0.0968,1.5305,0.1524,5.9304,1.2486,1.9919,2.7537,2.1565,1.4964,3.8943,3.7297,8.9793,3.2082,0.0157,1.8896,5.3973,0.1042,0.1829,0.8865
"97","AMC-PB037","3","PB",19.52,0.6212,6.1007,0.0695,0.3755,0.5581,0.0207,1.6581,2.1845,0.0766,0.6483,0.0624,4.7851,1.4357,1.5283,0.5974,0.6816,0.8954,1.8533,0.3921,0.1022,2.4232,0.7019,0.1383,0.3457,0.251,0.4432,0.1127,9.2534,1.1141,2.1362,4e-04,0.7328,0.1755,0.9243,1.1191,0.1119,0.3486,1.7569,0.115,5.3206,0.1467,0.0519,0.2505,3.287,1.2406,0.3631,2.2345,5.436,0.8098,0.0971,2.9316,0.1163,4.8025,0.899,1.3707,1.2114,1.6107,1.8472,2.1942,2.4558,3.8797,1.9918,0.0181,1.123,2.9969,0.0559,0.1401,0.3499
"98","AMC-PB038","3","PB",15,0.6617,3.4177,0.0603,0.3701,0.3272,0.0385,1.4822,0.434,0.0741,0.5996,0.099,4.3205,1.032,1.443,0.5227,0.2214,0.7375,1.6807,0.8412,0.1121,2.4459,2.4513,0.0792,0.3318,0.3082,0.5639,0.1626,4.4235,1.09,1.3142,0.0053,0.5806,0.1506,0.7869,1.1028,0.1097,0.351,2.1033,0.1295,3.245,0.1412,0.0301,0.2041,1.4628,1.1571,0.3203,2.2324,4.6275,0.6433,0.1756,2.5405,0.0429,4.2136,0.5082,1.7665,1.4416,1.4108,1.1006,1.1045,2.6095,4.7831,1.8444,0.0153,1.7086,9.1096,0.0708,0.1241,0.3157
"99","AMC-PB039","3","PB",9.72,1.3356,6.8887,0.1307,0.6673,1.0945,0.0361,2.273,0.4709,0.1578,1.3331,0.1161,3.0242,1.7839,1.8053,1.02,0.5491,1.3217,2.1916,2.0562,0.1185,2.7679,3.0778,0.0328,0.134,0.5601,0.8368,0.2189,5.5916,1.3639,2.5011,0.0094,0.8976,0.3298,0.8731,1.3587,0.1481,0.4427,3.9128,0.1859,9.8005,0.3959,0.0904,0.4347,3.9212,2.3622,0.5116,4.0682,6.3948,1.3187,0.0491,4.0356,0.0784,6.6948,0.6191,2.9365,2.4291,1.7861,2.2571,3.1785,2.5475,6.5499,3.0693,0.0149,2.7465,7.4628,0.0955,0.2358,0.6864
"100","AMC-PB040","3","PB",21.64,1.2905,6.2235,0.1598,0.5259,0.2515,0.0682,2.0651,1.2546,0.16,0.8782,0.1426,6.2986,1.6772,1.6316,0.9867,0.3409,1.2484,1.5146,0.5302,0.1102,1.7654,2.6026,0.1103,0.0355,0.5806,0.2956,0.1689,22.1731,0.123,2.8375,0.0054,1.2344,0.4965,2.3306,1.3567,0.107,0.428,4.0958,0.224,6.4931,0.379,0.107,0.2897,0.9972,2.2349,0.5726,3.9703,12.2727,0.6604,0.371,4.5964,0.2236,5.5956,2.6092,2.1776,1.7945,2.154,0.4612,1.6516,2.2704,7.9898,2.6067,0.0192,2.1514,7.3711,0.0892,0.2111,0.6805
"101","AMC-PB001","4","PB",3.92,1.5674,0.6619,0.0533,0.2812,0.0986,0.1749,1.3862,0.112,2.1921,0.4738,0.1538,1.8561,0.8418,0.6019,0.2844,0.7058,0.5564,0.701,0.1787,0.0496,1.1822,1.5897,0.0781,0.4764,0.2826,0.5022,0.1988,10.4371,0.564,0.8289,0.1969,0.9134,0.1298,0.885,1.2141,0.0396,0.1344,1.3066,0.1146,3.6496,0.2322,0.1018,0.0533,0.7557,0.5976,0.248,2.601,2.0457,0.3239,0.0204,0.0972,0.215,4.0511,0.7633,1.4756,1.0388,0.8905,0.2985,1.3245,1.9072,3.0461,1.6136,0.0141,7.4837,4.4669,0.1064,0.1938,0.1527
"102","AMC-PB044","4","PB",24.04,1.6306,0.6141,0.0514,0.2411,0.0619,0.1418,1.0486,0.2487,1.6733,0.3409,0.1309,1.004,0.6048,0.4263,0.1955,0.5787,0.5807,0.6582,0.2512,0.048,0.8848,0.9826,0.0676,0.4662,0.1719,0.3199,0.1509,4.7342,0.5146,0.6268,0.1837,0.7036,0.1588,0.5024,0.7944,0.0541,0.1185,1.2481,0.0977,3.4326,0.0818,0.0543,0.0783,0.441,0.4683,0.1849,1.823,1.3697,0.1627,0.0273,0.0941,0.3068,3.7121,0.4713,0.9525,0.8575,0.9071,0.1893,1.0743,1.1683,2.3397,1.1475,0.0134,5.2295,5.353,0.072,0.1445,0.1172
"103","AMC-PB026","4","PB",6.84,2.206,0.6195,0.044,0.3647,0.0756,0.0902,0.9743,0.2573,1.0262,0.58,0.0808,2.3668,0.2875,0.6242,0.2854,0.5855,0.3946,0.8336,0.2166,0.0301,1.3354,0.505,0.0482,0.1362,0.2648,0.5759,0.1097,3.9556,0.6409,0.4893,0.0508,0.8788,0.114,0.4413,1.154,0.0323,0.1225,1.2264,0.1261,3.6646,0.0563,0.0271,0.0396,0.4527,0.4475,0.2219,1.3789,1.1005,0.2749,0.0127,0.217,0.133,2.4722,0.3083,1.0811,0.9117,0.6544,0.2784,0.501,1.763,2.0188,1.0003,0.0075,3.1456,1.9323,0.052,0.0864,0.2358
"104","AMC-PB004","4","PB",18.64,2.0836,0.6004,0.0416,0.4268,0.1254,0.1136,0.8313,0.1703,0.6335,0.8037,0.2173,1.3371,0.4317,0.5197,0.3506,0.7391,0.6155,0.891,0.2411,0.0425,1.2272,1.2014,0.3323,0.5932,0.1684,0.5837,0.1459,11.252,0.6584,0.6093,0.1793,0.6462,0.1739,1.4755,0.9021,0.0788,0.128,1.2782,0.1198,3.9619,0.1168,0.0654,0.0069,0.5832,0.6204,0.2605,1.5444,2.9773,0.2361,0.0473,0.3247,0.1257,3.6341,1.0012,0.7399,0.7646,0.937,0.3216,0.9339,1.7099,2.7375,1.4198,0.0107,2.9854,2.5427,0.0463,0.1223,0.1416
"105","AMC-PB027","4","PB",22,1.9587,0.4783,0.0351,0.4241,0.1028,0.0931,1.1731,0.1836,0.765,0.6431,0.1153,2.2734,0.2833,0.8675,0.3625,0.5908,0.4721,1.2066,0.1729,0.041,2.0065,0.5714,0.0295,0.0233,0.1958,0.5368,0.143,3.0705,0.6958,0.494,0.1654,1.4642,0.1434,0.429,0.9754,0.0546,0.1438,1.5075,0.1336,2.7897,0.0549,0.0483,0.0076,0.5638,0.7219,0.2176,1.7013,0.8275,0.4026,0.0102,0.2047,0.1876,3.1597,0.3369,1.0761,0.9019,0.78,0.2781,0.4509,1.561,1.3974,1.1879,0.0086,4.7218,3.0824,0.0455,0.1203,0.2151
"106","AMC-PB029","4","PB",10.68,3.7278,0.7544,0.0887,0.549,0.2362,0.0772,1.3919,0.4183,1.1122,0.6404,0.1416,2.1913,0.4664,0.7635,0.522,0.4769,0.7316,1.3121,0.3819,0.0194,1.9424,2.6033,0.028,0.0998,0.241,0.8451,0.1678,5.5251,0.911,0.7061,0.1571,1.1491,0.1661,0.5409,1.138,0.1171,0.1849,2.0049,0.161,4.4188,0.0962,0.0548,0.0448,1.6156,0.7306,0.2903,1.8402,1.6349,0.456,0.0343,0.1311,0.6312,3.6939,0.6498,1.3846,1.2768,1.0884,0.6982,0.8117,2.1791,2.8625,1.5077,0.0114,5.155,3.0691,0.4217,0.0936,0.2373
"107","AMC-PB049","4","PB",93.44,2.2319,0.554,0.0485,0.242,0.244,0.1048,1.2671,0.1956,1.1113,0.4681,0.1879,1.4656,0.7002,0.703,0.4096,0.5009,0.3841,0.8224,0.3397,0.0302,1.4595,2.4857,0.0606,0.0775,0.2025,0.4828,0.1391,5.8556,0.6475,0.6903,0.3163,0.7271,0.1439,0.4951,1.5055,0.0667,0.2459,1.3332,0.1117,3.2255,0.2141,0.055,0.035,1.2705,0.3352,0.3455,1.8863,1.0738,0.54,0.049,0.028,0.6674,3.1662,0.6082,1.5425,0.9991,0.6994,0.771,1.1841,2.3333,2.9185,1.2659,0.007,9.395,4.3144,0.0404,0.2173,0.124
"108","AMC-PB013","4","PB",7.08,4.1591,0.7152,0.071,0.5542,0.1549,0.0851,1.7608,0.4317,1.0551,1.2734,0.1975,2.5509,0.9213,1.3256,0.5084,0.5839,0.8631,1.3985,0.3783,0.0603,1.9067,0.7906,0.0379,0.5615,0.3113,0.8608,0.2114,8.8446,1.2221,0.8724,0.2042,1.6262,0.1593,0.8771,2.0615,0.0993,0.3332,2.7825,0.1548,5.8038,0.2027,0.0581,0.0585,0.7258,0.9463,0.5196,2.7117,2.0023,0.5764,0.0586,0.0287,0.4275,5.315,0.7544,1.688,1.5998,1.377,0.3244,1.4614,3.3617,5.5202,1.9433,0.0125,5.941,3.8009,0.0618,0.1101,0.4726
"109","AMC-PB045","4","PB",3,2.5923,0.5596,0.0882,0.4229,0.1216,0.0874,1.0899,0.1887,0.9431,0.6698,0.185,3.0325,0.5732,0.5268,0.3529,0.712,0.7073,0.8847,0.3308,0.0455,1.5269,1.0854,0.0807,0.854,0.1636,0.4586,0.1744,10.6612,0.5805,0.7722,0.1189,1.0239,0.1622,1.0542,1.219,0.0563,0.1345,1.6558,0.1529,3.6839,0.1661,0.0839,0.1291,0.6947,0.7545,0.2382,2.4114,2.1853,0.4384,0.0369,0.1491,0.1557,3.8844,0.7705,0.9505,0.8792,1.2251,0.4775,0.9782,1.6297,3.7437,1.503,0.0137,4.7434,3.2155,0.0542,0.2048,0.2549
"110","AMC-PB028","4","PB",10.76,2.3675,0.586,0.0402,0.5342,0.1128,0.0732,1.1598,0.8103,0.6955,0.9654,0.1896,2.4643,0.3932,1.0045,0.3698,0.3215,0.4959,1.1183,0.2817,0.0107,1.7014,1.0844,0.0611,0.371,0.225,0.6935,0.1332,5.8382,0.7587,0.6206,0.1858,0.963,0.1487,0.6138,1.2153,0.0767,0.1664,1.8767,0.1312,3.306,0.0943,0.0323,0.0023,0.6448,0.6953,0.3009,1.7446,1.4157,0.2216,0.0448,0.103,0.3728,3.2206,0.522,1.2964,1.1141,0.8577,0.3559,0.4966,1.7313,3.4551,1.0357,0.0089,4.6549,3.1046,0.046,0.1047,0.3104
"111","AMC-PB002","4","PB",14.24,2.7294,0.8138,0.0532,0.5791,0.2179,0.0875,1.3425,0.3496,0.9993,1.2045,0.1174,2.6806,0.8166,1.1428,0.5744,0.7044,0.8436,1.4168,0.1843,0.0336,2.2507,0.1718,0.0418,0.3784,0.2376,0.834,0.173,1.8705,0.804,0.7604,0.1377,1.4408,0.1706,0.4093,1.7476,0.0772,0.2067,2.4984,0.1288,5.3032,0.1627,0.041,0.0393,1.3574,0.7048,0.3415,2.1257,0.6926,0.4023,0.0143,0.0647,0.197,4.4528,0.1462,1.4442,1.7818,1.1589,0.5605,1.6908,2.7484,3.544,1.6604,0.0116,4.8868,5.3885,0.0837,0.0549,0.3979
"112","AMC-PB005","4","PB",21.92,2.5918,0.6937,0.0495,0.646,0.39,0.0659,1.148,0.627,0.7787,0.964,0.197,3.0788,0.7234,0.8698,0.5451,0.498,0.5821,1.288,0.2163,0.0247,2.35,0.942,0.0462,0.1501,0.3106,0.7127,0.1252,11.6065,0.3474,0.5316,0.1049,1.0785,0.1454,1.7164,1.5279,0.044,0.1605,1.6863,0.1348,3.6905,0.1374,0.0514,0.0437,2.2061,0.6433,0.273,1.8334,3.3122,0.597,0.0377,0.267,0.2889,4.1667,1.1074,1.3713,1.0751,0.9962,1.4544,1.4537,2.6549,3.3563,1.3167,0.0108,6.1424,3.4425,0.0413,0.1644,0.3133
"113","AMC-PB042","4","PB",9.08,3.2472,0.67,0.0595,0.3622,0.3482,0.0796,1.312,0.2077,0.8294,1.0243,0.2641,1.9334,0.3305,1.024,0.3702,0.3937,0.6593,1.1644,0.2626,0.0388,1.5326,2.4045,0.0576,0.253,0.0707,0.4901,0.1766,14.6467,1.2108,0.8843,0.1331,1.1129,0.2081,1.3255,1.1982,0.1886,0.1897,1.4709,0.2054,3.839,0.0661,0.042,0.0091,2.0185,0.6131,0.2682,2.8027,3.0313,0.5529,0.0349,0.0048,0.4886,4.5152,1.2988,1.4,1.0328,1.1875,1.0512,0.5512,1.7208,1.7586,1.4629,0.01,5.9335,1.0787,0.0472,0.1302,0.1458
"114","AMC-PB047","4","PB",5.96,2.1696,0.4806,0.0448,0.3825,0.1263,0.0336,0.7479,0.2479,0.5605,0.6042,0.1042,2.2959,0.3193,0.5499,0.2806,0.5568,0.6238,1.1062,0.268,0.0233,1.7046,1.847,0.0561,0.1986,0.0944,0.6956,0.136,3.8542,0.5385,0.5663,0.187,0.9503,0.0896,0.4418,0.9945,0.0469,0.1471,1.6603,0.0903,2.4789,0.0926,0.0518,0.009,0.6932,0.5026,0.2176,1.7639,0.9974,0.3687,0.0339,0.2432,0.3674,3.5483,0.3328,0.8031,0.7289,0.8943,0.4422,0.5074,1.548,2.1334,1.37,0.0086,4.348,2.9141,0.0485,0.0596,0.1938
"115","AMC-PB043","4","PB",61.28,1.8152,0.5825,0.1064,0.3153,0.2505,0.1149,1.0882,0.4043,0.6257,0.4578,0.1756,2.1213,0.8537,0.4657,0.3519,0.6645,0.6787,0.9041,0.1928,0.0187,1.4332,1.014,0.0722,0.7376,0.1451,0.5831,0.1128,4.8574,0.5774,0.6987,0.2322,0.8219,0.1285,0.5489,1.0087,0.0688,0.1516,1.7327,0.1295,3.9462,0.1575,0.0188,0.0163,1.5213,0.4682,0.31,2.0552,1.3495,0.5536,0.0089,0.5233,0.2369,3.1824,0.4789,1.1067,0.9483,1.0929,0.8164,1.2944,1.6908,2.9201,1.0253,0.0125,5.4986,5.1823,0.0832,0.1425,0.1169
"116","AMC-PB030","4","PB",4.12,2.0459,0.8944,0.042,0.4563,0.4683,0.0582,1.4408,0.299,0.803,0.4692,0.0829,1.6659,0.5932,0.8332,0.381,0.4866,0.5305,1.0764,0.2657,0.0018,1.5904,1.707,0.0523,0.3643,0.3644,0.4421,0.1866,3.8279,0.0601,0.7993,0.3119,0.8953,0.158,0.3342,0.9842,0.045,0.1294,1.6483,0.1455,4.683,0.1192,0.0354,0.043,3.1283,0.826,0.2235,2.1212,0.9175,0.527,0.0023,0.2245,0.3685,3.622,0.24,1.5823,1.2504,1.0069,1.3432,1.2947,1.8188,1.4342,1.3471,0.0088,4.551,4.0061,0.0588,0.1088,0.2747
"117","AMC-PB046","4","PB",6.36,1.1463,0.5177,0.0377,0.3766,0.2926,0.1365,0.8679,0.2258,0.9904,0.5171,0.1539,2.6827,1.6647,0.6883,0.2531,0.5881,0.6032,1.1609,0.1743,0.0637,1.7251,0.29,0.0308,0.0876,0.3169,0.7091,0.1081,7.5492,0.3144,0.5266,0.0548,0.9167,0.3506,0.9832,1.1768,0.0765,0.0983,1.4798,0.1031,4.9171,0.0685,0.0376,0.1122,1.8234,0.5346,0.1905,1.8853,2.2704,0.5068,0.052,0.2918,0.361,3.1408,0.9255,0.9896,1.2412,1.1232,1.0358,3.4055,2.1277,2.7814,1.347,0.0131,5.1116,3.2547,0.0801,0.1165,0.2326
"118","AMC-PB050","4","PB",28.44,2.7987,0.663,0.0553,0.2716,0.1859,0.1663,1.045,0.5555,1.8373,0.7405,0.1483,2.9482,0.5114,0.7731,0.2676,0.6983,0.6837,1.0045,0.2066,0.0185,1.5193,1.5581,0.0391,0.167,0.2509,0.5504,0.1777,8.5353,0.8571,0.6349,0.161,1.2357,0.1484,0.5504,1.2949,0.0247,0.165,1.4771,0.101,2.7064,0.1598,0.0537,0.0442,1.1497,0.4018,0.2918,1.9564,1.1944,0.4994,0.0255,0.0121,0.2557,3.6843,0.6701,1.1972,0.8107,1.1083,0.7063,0.61,2.196,2.7159,0.9644,0.0157,6.0345,5.8368,0.1518,0.1784,0.1383
"119","AMC-PB012","4","PB",10.24,1.8502,0.5975,0.04,0.3248,0.3153,0.087,0.9123,0.1938,0.801,0.6474,0.0905,2.3223,0.5332,0.7232,0.3424,0.599,0.6221,0.8962,0.2086,0.0176,1.2587,0.5337,0.0175,0.1439,0.2124,0.3757,0.1172,2.5349,0.5624,0.5607,0.0875,1.265,0.0998,0.3345,0.9429,0.0576,0.1506,1.178,0.0737,3.551,0.0822,0.0312,0.0022,1.6143,0.5261,0.2394,1.7898,0.7314,0.4131,0.013,0.3,0.1384,2.7525,0.1939,0.8933,0.9818,0.938,0.8822,1.126,1.6828,2.2191,1.1065,0.0111,3.619,2.2428,0.0355,0.0796,0.2148
"120","AMC-PB003","4","PB",3.44,1.965,0.6274,0.0438,0.4014,0.3331,0.0634,1.015,0.2398,1.0864,0.5539,0.0893,2.4606,0.4661,0.7737,0.3606,0.5239,0.5129,0.9619,0.142,0.0417,1.3199,0.9616,0.0511,0.0555,0.1887,0.6834,0.1216,1.0961,0.5808,0.5268,0.0863,1.1662,0.1194,0.229,1.0299,0.0263,0.1337,1.5145,0.0991,3.5834,0.2013,0.0384,0.012,1.5273,0.563,0.2155,1.5411,0.5654,0.4752,0.0085,0.0843,0.2675,2.8155,0.1145,1.134,0.9945,0.8679,0.8301,0.7143,1.4804,2.2765,1.0773,0.0078,4.267,1.9885,0.0272,0.0976,0.2121
"121","AMC-PB048","4","PB",10.68,2.5934,0.7468,0.0507,0.5073,0.3716,0.075,1.279,0.2515,0.871,0.826,0.1396,2.5742,0.6022,0.5863,0.4644,0.9318,0.7449,1.1469,0.1385,0.094,1.8142,1.5063,0.067,0.3924,0.1648,0.4436,0.2397,9.4454,0.1552,0.8531,0.0873,1.2136,0.1456,1.1395,1.4029,0.0447,0.1983,2.1954,0.1076,4.2828,0.1312,0.0616,0.05,2.6952,0.5935,0.3264,3.1378,2.5144,0.5293,0.0504,0.1597,0.0875,4.9374,0.805,1.3848,1.584,1.0357,1.3292,1.0084,2.0342,3.3601,1.8318,0.0088,3.5716,4.001,0.0507,0.171,0.3024
"122","AMC-PB041","4","PB",7.32,2.6157,0.6877,0.0486,0.3873,0.514,0.084,1.2914,0.3466,0.5764,0.7069,0.2467,2.2294,0.4065,0.8042,0.3757,0.5897,0.5538,0.7881,0.2037,0.018,1.3079,0.7624,0.0735,0.3348,0.1932,0.6069,0.1803,12.4921,0.7897,0.7902,0.1574,0.5988,0.1582,1.1295,1.2465,0.0548,0.1522,1.764,0.1449,3.7139,0.0802,0.0219,0.0024,2.9903,0.6372,0.2172,2.4752,2.4247,0.709,0.0445,0.4459,0.168,3.8562,1.0921,1.3927,0.9459,0.8666,1.8805,0.6519,2.2003,2.8235,1.2342,0.0118,6.5051,3.4754,0.0455,0.0681,0.2187
