"","learn_rate","max_depth","sample_rate","col_sample_rate","train_AUC","val_AUC"
"1",0.01,2,0.5,0.1,0.973774606949399,0.957371794871795
"2",0.01,2,0.5,0.2,0.978246796142159,0.95224358974359
"3",0.01,2,0.5,0.3,0.976575505350773,0.954273504273504
"4",0.01,2,0.5,0.4,0.974501255119567,0.952884615384615
"5",0.01,2,0.5,0.5,0.972460034350641,0.947435897435898
"6",0.01,2,0.5,0.6,0.973622671422909,0.953952991452991
"7",0.01,2,0.5,0.7,0.972618575769587,0.949038461538462
"8",0.01,2,0.5,0.8,0.972539305060114,0.949465811965812
"9",0.01,2,0.5,0.9,0.971482362267142,0.952350427350427
"10",0.01,2,0.5,1,0.969282600079271,0.95491452991453
"11",0.01,2,0.6,0.1,0.97353679482098,0.958333333333333
"12",0.01,2,0.6,0.2,0.979092350376536,0.950747863247863
"13",0.01,2,0.6,0.3,0.977929713304267,0.953311965811966
"14",0.01,2,0.6,0.4,0.975009908838684,0.952136752136752
"15",0.01,2,0.6,0.5,0.972004227771172,0.946901709401709
"16",0.01,2,0.6,0.6,0.973127229488704,0.948824786324786
"17",0.01,2,0.6,0.7,0.972829964328181,0.943589743589744
"18",0.01,2,0.6,0.8,0.97106619104241,0.940277777777778
"19",0.01,2,0.6,0.9,0.970346148764698,0.949358974358974
"20",0.01,2,0.6,1,0.970200819130665,0.95267094017094
"21",0.01,2,0.7,0.1,0.972724270048884,0.957371794871795
"22",0.01,2,0.7,0.2,0.979277315365306,0.955662393162393
"23",0.01,2,0.7,0.3,0.978233584357247,0.948611111111111
"24",0.01,2,0.7,0.4,0.975307173999207,0.952991452991453
"25",0.01,2,0.7,0.5,0.972453428458185,0.947970085470085
"26",0.01,2,0.7,0.6,0.974514466904479,0.949358974358974
"27",0.01,2,0.7,0.7,0.97261196987713,0.945940170940171
"28",0.01,2,0.7,0.8,0.970194213238209,0.944764957264957
"29",0.01,2,0.7,0.9,0.968311533888228,0.948931623931624
"30",0.01,2,0.7,1,0.965768265292641,0.948076923076923
"31",0.01,2,0.8,0.1,0.971323820848197,0.955448717948718
"32",0.01,2,0.8,0.2,0.979072532699168,0.953525641025641
"33",0.01,2,0.8,0.3,0.97797595455146,0.948397435897436
"34",0.01,2,0.8,0.4,0.975729951116396,0.952777777777778
"35",0.01,2,0.8,0.5,0.974217201743956,0.949679487179487
"36",0.01,2,0.8,0.6,0.974970273483948,0.948717948717949
"37",0.01,2,0.8,0.7,0.973087594133968,0.949038461538462
"38",0.01,2,0.8,0.8,0.970656625710133,0.947649572649573
"39",0.01,2,0.8,0.9,0.969256176509446,0.95042735042735
"40",0.01,2,0.8,1,0.96603910688334,0.952884615384615
"41",0.01,2,0.9,0.1,0.973232923768001,0.954166666666667
"42",0.01,2,0.9,0.2,0.977850442594795,0.952884615384615
"43",0.01,2,0.9,0.3,0.977738142423041,0.948290598290598
"44",0.01,2,0.9,0.4,0.975624256837099,0.950854700854701
"45",0.01,2,0.9,0.5,0.975280750429383,0.949358974358974
"46",0.01,2,0.9,0.6,0.973867089443784,0.948931623931624
"47",0.01,2,0.9,0.7,0.9727969348659,0.946047008547009
"48",0.01,2,0.9,0.8,0.969599682917162,0.945619658119658
"49",0.01,2,0.9,0.9,0.965233188003699,0.942735042735043
"50",0.01,2,0.9,1,0.966204254194742,0.945619658119658
"51",0.01,2,1,0.1,0.973939754260801,0.956517094017094
"52",0.01,2,1,0.2,0.978980050204783,0.952884615384615
"53",0.01,2,1,0.3,0.977546571541815,0.949465811965812
"54",0.01,2,1,0.4,0.976430175716739,0.953632478632479
"55",0.01,2,1,0.5,0.973431100541683,0.951709401709402
"56",0.01,2,1,0.6,0.97291584093011,0.949786324786325
"57",0.01,2,1,0.7,0.970200819130665,0.946047008547009
"58",0.01,2,1,0.8,0.970253666270313,0.945405982905983
"59",0.01,2,1,0.9,0.965695600475624,0.935790598290598
"60",0.01,2,1,1,0.959294490685692,0.937820512820513
"61",0.01,3,0.5,0.1,0.985321706962611,0.961111111111111
"62",0.01,3,0.5,0.2,0.987561104505219,0.96025641025641
"63",0.01,3,0.5,0.3,0.987052450786101,0.958333333333333
"64",0.01,3,0.5,0.4,0.986755185625578,0.958974358974359
"65",0.01,3,0.5,0.5,0.986497555819791,0.956944444444444
"66",0.01,3,0.5,0.6,0.986332408508389,0.959188034188034
"67",0.01,3,0.5,0.7,0.986061566917691,0.958760683760684
"68",0.01,3,0.5,0.8,0.983789139912802,0.95982905982906
"69",0.01,3,0.5,0.9,0.984740388426476,0.955662393162393
"70",0.01,3,0.5,1,0.983472057074911,0.955448717948718
"71",0.01,3,0.6,0.1,0.985876601928921,0.961324786324786
"72",0.01,3,0.6,0.2,0.988703923900119,0.958333333333333
"73",0.01,3,0.6,0.3,0.988888888888889,0.956837606837607
"74",0.01,3,0.6,0.4,0.987428986656097,0.961752136752137
"75",0.01,3,0.6,0.5,0.986147443519619,0.954380341880342
"76",0.01,3,0.6,0.6,0.986345620293302,0.949358974358974
"77",0.01,3,0.6,0.7,0.985235830360682,0.950320512820513
"78",0.01,3,0.6,0.8,0.984826265028405,0.951282051282051
"79",0.01,3,0.6,0.9,0.983458845289999,0.955982905982906
"80",0.01,3,0.6,1,0.983478662967367,0.955876068376068
"81",0.01,3,0.7,0.1,0.986041749240322,0.961752136752137
"82",0.01,3,0.7,0.2,0.988419870524508,0.962393162393162
"83",0.01,3,0.7,0.3,0.988611441405734,0.956410256410256
"84",0.01,3,0.7,0.4,0.988129211256441,0.955876068376068
"85",0.01,3,0.7,0.5,0.986484344034879,0.951175213675214
"86",0.01,3,0.7,0.6,0.987864975558198,0.952136752136752
"87",0.01,3,0.7,0.7,0.986959968291716,0.950320512820513
"88",0.01,3,0.7,0.8,0.985876601928921,0.950320512820513
"89",0.01,3,0.7,0.9,0.98544061302682,0.951923076923077
"90",0.01,3,0.7,1,0.986312590831021,0.960042735042735
"91",0.01,3,0.8,0.1,0.985149953758753,0.962393162393162
"92",0.01,3,0.8,0.2,0.988591623728366,0.958547008547009
"93",0.01,3,0.8,0.3,0.988888888888889,0.956196581196581
"94",0.01,3,0.8,0.4,0.989106883339939,0.959935897435897
"95",0.01,3,0.8,0.5,0.987640375214692,0.950854700854701
"96",0.01,3,0.8,0.6,0.98861804729819,0.954487179487179
"97",0.01,3,0.8,0.7,0.988254723213106,0.950961538461538
"98",0.01,3,0.8,0.8,0.987620557537323,0.953418803418803
"99",0.01,3,0.8,0.9,0.9861804729819,0.956303418803419
"100",0.01,3,0.8,1,0.986239926014004,0.957478632478633
"101",0.01,3,0.9,0.1,0.985922843176113,0.958119658119658
"102",0.01,3,0.9,0.2,0.989225789404149,0.960683760683761
"103",0.01,3,0.9,0.3,0.988228299643282,0.955769230769231
"104",0.01,3,0.9,0.4,0.988869071211521,0.960363247863248
"105",0.01,3,0.9,0.5,0.987805522526093,0.950106837606838
"106",0.01,3,0.9,0.6,0.988347205707491,0.952457264957265
"107",0.01,3,0.9,0.7,0.987316686484344,0.95534188034188
"108",0.01,3,0.9,0.8,0.986609855991544,0.955769230769231
"109",0.01,3,0.9,0.9,0.984984806447351,0.958440170940171
"110",0.01,3,0.9,1,0.984766811996301,0.958226495726496
"111",0.01,3,1,0.1,0.98692033293698,0.962179487179487
"112",0.01,3,1,0.2,0.989450389747655,0.960683760683761
"113",0.01,3,1,0.3,0.988882282996433,0.958547008547009
"114",0.01,3,1,0.4,0.989813713832739,0.960897435897436
"115",0.01,3,1,0.5,0.987455410225922,0.956410256410256
"116",0.01,3,1,0.6,0.988135817148897,0.953418803418803
"117",0.01,3,1,0.7,0.986781609195402,0.956303418803419
"118",0.01,3,1,0.8,0.985731272294887,0.956196581196581
"119",0.01,3,1,0.9,0.985037653587,0.95534188034188
"120",0.01,3,1,1,0.98528867750033,0.952564102564103
"121",0.01,4,0.5,0.1,0.990144008455542,0.959401709401709
"122",0.01,4,0.5,0.2,0.991650151935527,0.961752136752137
"123",0.01,4,0.5,0.3,0.990771568238869,0.954059829059829
"124",0.01,4,0.5,0.4,0.992244682256573,0.95982905982906
"125",0.01,4,0.5,0.5,0.99142555159202,0.960042735042735
"126",0.01,4,0.5,0.6,0.99198044655833,0.958974358974359
"127",0.01,4,0.5,0.7,0.992145593869732,0.957692307692308
"128",0.01,4,0.5,0.8,0.990797991808693,0.954487179487179
"129",0.01,4,0.5,0.9,0.989245607081517,0.950213675213675
"130",0.01,4,0.5,1,0.98880301228696,0.951709401709402
"131",0.01,4,0.6,0.1,0.990546967895363,0.966239316239316
"132",0.01,4,0.6,0.2,0.993473378253402,0.955555555555555
"133",0.01,4,0.6,0.3,0.992409829567975,0.958333333333333
"134",0.01,4,0.6,0.4,0.99250231206236,0.955982905982906
"135",0.01,4,0.6,0.5,0.991385916237284,0.954487179487179
"136",0.01,4,0.6,0.6,0.991663363720439,0.95491452991453
"137",0.01,4,0.6,0.7,0.992396617783062,0.951068376068376
"138",0.01,4,0.6,0.8,0.991458581054301,0.951709401709402
"139",0.01,4,0.6,0.9,0.990368608799049,0.953632478632479
"140",0.01,4,0.6,1,0.989787290262914,0.955128205128205
"141",0.01,4,0.7,0.1,0.992119170299907,0.962393162393162
"142",0.01,4,0.7,0.2,0.99416699696129,0.964102564102564
"143",0.01,4,0.7,0.3,0.99346016646849,0.958547008547009
"144",0.01,4,0.7,0.4,0.993711190381821,0.954059829059829
"145",0.01,4,0.7,0.5,0.992799577222883,0.951495726495727
"146",0.01,4,0.7,0.6,0.993519619500595,0.95491452991453
"147",0.01,4,0.7,0.7,0.993922578940415,0.951923076923077
"148",0.01,4,0.7,0.8,0.9928722420399,0.954700854700855
"149",0.01,4,0.7,0.9,0.992713700620954,0.955555555555555
"150",0.01,4,0.7,1,0.992865636147443,0.958760683760684
"151",0.01,4,0.8,0.1,0.992020081913066,0.966880341880342
"152",0.01,4,0.8,0.2,0.994120755714097,0.962606837606838
"153",0.01,4,0.8,0.3,0.994021667327256,0.958119658119658
"154",0.01,4,0.8,0.4,0.994887039239001,0.960683760683761
"155",0.01,4,0.8,0.5,0.994067908574448,0.960470085470086
"156",0.01,4,0.8,0.6,0.994715286035143,0.954059829059829
"157",0.01,4,0.8,0.7,0.994477473906725,0.957478632478633
"158",0.01,4,0.8,0.8,0.994484079799181,0.955982905982906
"159",0.01,4,0.8,0.9,0.993783855198837,0.959188034188034
"160",0.01,4,0.8,1,0.9940150614348,0.960042735042735
"161",0.01,4,0.9,0.1,0.992079534945171,0.964529914529915
"162",0.01,4,0.9,0.2,0.994431232659532,0.959615384615385
"163",0.01,4,0.9,0.3,0.993770643413925,0.957692307692308
"164",0.01,4,0.9,0.4,0.99537587528075,0.961538461538461
"165",0.01,4,0.9,0.5,0.995316422248646,0.958119658119658
"166",0.01,4,0.9,0.6,0.995395692958119,0.954487179487179
"167",0.01,4,0.9,0.7,0.994054696789536,0.957692307692308
"168",0.01,4,0.9,0.8,0.994622803540758,0.958547008547009
"169",0.01,4,0.9,0.9,0.994087726251817,0.961324786324786
"170",0.01,4,0.9,1,0.993671555027084,0.963034188034188
"171",0.01,4,1,0.1,0.993400713436385,0.962820512820513
"172",0.01,4,1,0.2,0.995501387237416,0.967094017094017
"173",0.01,4,1,0.3,0.994953098163562,0.960683760683761
"174",0.01,4,1,0.4,0.995151274937244,0.957905982905983
"175",0.01,4,1,0.5,0.995468357775135,0.962179487179487
"176",0.01,4,1,0.6,0.995488175452504,0.953205128205128
"177",0.01,4,1,0.7,0.995177698507068,0.957478632478633
"178",0.01,4,1,0.8,0.994854009776721,0.954700854700855
"179",0.01,4,1,0.9,0.993783855198837,0.95758547008547
"180",0.01,4,1,1,0.99231734707359,0.957264957264957
"181",0.01,5,0.5,0.1,0.992059717267803,0.961324786324786
"182",0.01,5,0.5,0.2,0.993400713436385,0.960042735042735
"183",0.01,5,0.5,0.3,0.99293830096446,0.95491452991453
"184",0.01,5,0.5,0.4,0.993651737349716,0.958760683760684
"185",0.01,5,0.5,0.5,0.993413925221297,0.957905982905983
"186",0.01,5,0.5,0.6,0.993189324877791,0.957051282051282
"187",0.01,5,0.5,0.7,0.993394107543929,0.95491452991453
"188",0.01,5,0.5,0.8,0.992561765094464,0.952350427350427
"189",0.01,5,0.5,0.9,0.991405733914652,0.946794871794872
"190",0.01,5,0.5,1,0.990989562689919,0.950854700854701
"191",0.01,5,0.6,0.1,0.992958118641828,0.96474358974359
"192",0.01,5,0.6,0.2,0.995217333861805,0.955982905982906
"193",0.01,5,0.6,0.3,0.994576562293566,0.962606837606838
"194",0.01,5,0.6,0.4,0.993995243757432,0.957692307692308
"195",0.01,5,0.6,0.5,0.993446954683578,0.95534188034188
"196",0.01,5,0.6,0.6,0.993949002510239,0.952350427350427
"197",0.01,5,0.6,0.7,0.994596379970934,0.948504273504273
"198",0.01,5,0.6,0.8,0.994067908574448,0.951495726495727
"199",0.01,5,0.6,0.9,0.992680671158674,0.953846153846154
"200",0.01,5,0.6,1,0.99238340599815,0.95491452991453
"201",0.01,5,0.7,0.1,0.995541022592152,0.961965811965812
"202",0.01,5,0.7,0.2,0.99567974633373,0.962606837606838
"203",0.01,5,0.7,0.3,0.995891134892324,0.956623931623932
"204",0.01,5,0.7,0.4,0.995858105430043,0.958119658119658
"205",0.01,5,0.7,0.5,0.995580657946889,0.951068376068376
"206",0.01,5,0.7,0.6,0.995646716871449,0.947222222222222
"207",0.01,5,0.7,0.7,0.995891134892324,0.954059829059829
"208",0.01,5,0.7,0.8,0.995858105430043,0.953632478632479
"209",0.01,5,0.7,0.9,0.994893645131457,0.953632478632479
"210",0.01,5,0.7,1,0.994966309948474,0.955555555555555
"211",0.01,5,0.8,0.1,0.995620293301625,0.966666666666667
"212",0.01,5,0.8,0.2,0.995877923107412,0.960470085470086
"213",0.01,5,0.8,0.3,0.996221429515127,0.957692307692308
"214",0.01,5,0.8,0.4,0.996987713040032,0.960470085470086
"215",0.01,5,0.8,0.5,0.996763112696525,0.95491452991453
"216",0.01,5,0.8,0.6,0.997106619104241,0.950854700854701
"217",0.01,5,0.8,0.7,0.997027348394768,0.957264957264957
"218",0.01,5,0.8,0.8,0.996617783062492,0.952991452991453
"219",0.01,5,0.8,0.9,0.996373365041617,0.958119658119658
"220",0.01,5,0.8,1,0.996287488439688,0.957264957264957
"221",0.01,5,0.9,0.1,0.995395692958119,0.966666666666667
"222",0.01,5,0.9,0.2,0.996564935922843,0.960897435897436
"223",0.01,5,0.9,0.3,0.996736689126701,0.959615384615385
"224",0.01,5,0.9,0.4,0.997760602457392,0.962179487179487
"225",0.01,5,0.9,0.5,0.99759545514599,0.951495726495727
"226",0.01,5,0.9,0.6,0.997179283921258,0.953205128205128
"227",0.01,5,0.9,0.7,0.997212313383538,0.955128205128205
"228",0.01,5,0.9,0.8,0.997390672479852,0.952777777777778
"229",0.01,5,0.9,0.9,0.996703659664421,0.956623931623932
"230",0.01,5,0.9,1,0.996617783062492,0.957051282051282
"231",0.01,5,1,0.1,0.996214823622671,0.965598290598291
"232",0.01,5,1,0.2,0.99722552516845,0.964316239316239
"233",0.01,5,1,0.3,0.997430307834589,0.958760683760684
"234",0.01,5,1,0.4,0.998077685295284,0.956623931623932
"235",0.01,5,1,0.5,0.997826661381953,0.957051282051282
"236",0.01,5,1,0.6,0.997892720306514,0.953418803418803
"237",0.01,5,1,0.7,0.997476549081781,0.953632478632479
"238",0.01,5,1,0.8,0.997582243361078,0.954059829059829
"239",0.01,5,1,0.9,0.996406394503897,0.954700854700855
"240",0.01,5,1,1,0.995772228828115,0.950213675213675
"241",0.01,6,0.5,0.1,0.99275333597569,0.961752136752137
"242",0.01,6,0.5,0.2,0.994404809089708,0.959615384615385
"243",0.01,6,0.5,0.3,0.993446954683578,0.954273504273504
"244",0.01,6,0.5,0.4,0.993631919672348,0.957692307692308
"245",0.01,6,0.5,0.5,0.993783855198837,0.95491452991453
"246",0.01,6,0.5,0.6,0.993400713436385,0.956623931623932
"247",0.01,6,0.5,0.7,0.993532831285507,0.954700854700855
"248",0.01,6,0.5,0.8,0.993116660060774,0.952564102564103
"249",0.01,6,0.5,0.9,0.99176245210728,0.946794871794872
"250",0.01,6,0.5,1,0.990936715550271,0.950854700854701
"251",0.01,6,0.6,0.1,0.993731008059189,0.965384615384615
"252",0.01,6,0.6,0.2,0.995719381688466,0.953846153846154
"253",0.01,6,0.6,0.3,0.995098427797595,0.960470085470086
"254",0.01,6,0.6,0.4,0.99475492138988,0.956410256410256
"255",0.01,6,0.6,0.5,0.994305720702867,0.952350427350427
"256",0.01,6,0.6,0.6,0.99438499141234,0.95
"257",0.01,6,0.6,0.7,0.99475492138988,0.948076923076923
"258",0.01,6,0.6,0.8,0.994503897476549,0.95042735042735
"259",0.01,6,0.6,0.9,0.993195930770247,0.953632478632479
"260",0.01,6,0.6,1,0.992931695072004,0.953418803418803
"261",0.01,6,0.7,0.1,0.996208217730215,0.961752136752137
"262",0.01,6,0.7,0.2,0.996512088783195,0.961965811965812
"263",0.01,6,0.7,0.3,0.996591359492667,0.955128205128205
"264",0.01,6,0.7,0.4,0.996723477341789,0.961324786324786
"265",0.01,6,0.7,0.5,0.996313912009512,0.948504273504273
"266",0.01,6,0.7,0.6,0.996307306117056,0.948504273504273
"267",0.01,6,0.7,0.7,0.996214823622671,0.952991452991453
"268",0.01,6,0.7,0.8,0.996353547364249,0.951709401709402
"269",0.01,6,0.7,0.9,0.995534416699696,0.954487179487179
"270",0.01,6,0.7,1,0.99530981635619,0.95534188034188
"271",0.01,6,0.8,0.1,0.996657418417228,0.96517094017094
"272",0.01,6,0.8,0.2,0.996697053771965,0.959615384615385
"273",0.01,6,0.8,0.3,0.997113224996697,0.957051282051282
"274",0.01,6,0.8,0.4,0.997668119963007,0.96025641025641
"275",0.01,6,0.8,0.5,0.997331219447747,0.95491452991453
"276",0.01,6,0.8,0.6,0.997740784780024,0.94957264957265
"277",0.01,6,0.8,0.7,0.997569031576166,0.957264957264957
"278",0.01,6,0.8,0.8,0.997093407319329,0.957264957264957
"279",0.01,6,0.8,0.9,0.997106619104241,0.955982905982906
"280",0.01,6,0.8,1,0.99697450125512,0.957478632478633
"281",0.01,6,0.9,0.1,0.996901836438103,0.966025641025641
"282",0.01,6,0.9,0.2,0.99759545514599,0.960683760683761
"283",0.01,6,0.9,0.3,0.997978596908442,0.958119658119658
"284",0.01,6,0.9,0.4,0.998209803144405,0.961965811965812
"285",0.01,6,0.9,0.5,0.998163561897212,0.95042735042735
"286",0.01,6,0.9,0.6,0.997952173338618,0.952777777777778
"287",0.01,6,0.9,0.7,0.997978596908442,0.954059829059829
"288",0.01,6,0.9,0.8,0.998077685295284,0.951923076923077
"289",0.01,6,0.9,0.9,0.997483154974237,0.956837606837607
"290",0.01,6,0.9,1,0.997166072136346,0.958333333333333
"291",0.01,6,1,0.1,0.997476549081781,0.96517094017094
"292",0.01,6,1,0.2,0.998097502972652,0.95982905982906
"293",0.01,6,1,0.3,0.998262650284053,0.958760683760684
"294",0.01,6,1,0.4,0.998612762584225,0.954059829059829
"295",0.01,6,1,0.5,0.998427797595455,0.955982905982906
"296",0.01,6,1,0.6,0.998678821508786,0.953846153846154
"297",0.01,6,1,0.7,0.99826925617651,0.951923076923077
"298",0.01,6,1,0.8,0.998203197251949,0.952136752136752
"299",0.01,6,1,0.9,0.997172678028802,0.958760683760684
"300",0.01,6,1,1,0.996393182718985,0.951388888888889
"301",0.01,7,0.5,0.1,0.993261989694808,0.962179487179487
"302",0.01,7,0.5,0.2,0.994470868014269,0.959615384615385
"303",0.01,7,0.5,0.3,0.993519619500595,0.954273504273504
"304",0.01,7,0.5,0.4,0.993770643413925,0.958547008547009
"305",0.01,7,0.5,0.5,0.993856520015854,0.95491452991453
"306",0.01,7,0.5,0.6,0.993479984145858,0.956837606837607
"307",0.01,7,0.5,0.7,0.993546043070419,0.95491452991453
"308",0.01,7,0.5,0.8,0.993136477738142,0.952991452991453
"309",0.01,7,0.5,0.9,0.991815299246928,0.946581196581197
"310",0.01,7,0.5,1,0.990949927335183,0.950854700854701
"311",0.01,7,0.6,0.1,0.993915973047959,0.965811965811966
"312",0.01,7,0.6,0.2,0.995970405601797,0.952136752136752
"313",0.01,7,0.6,0.3,0.995336239926014,0.959615384615385
"314",0.01,7,0.6,0.4,0.995032368873035,0.956623931623932
"315",0.01,7,0.6,0.5,0.994563350508654,0.952564102564103
"316",0.01,7,0.6,0.6,0.994497291584093,0.95
"317",0.01,7,0.6,0.7,0.994860615669177,0.947649572649573
"318",0.01,7,0.6,0.8,0.994609591755846,0.950213675213675
"319",0.01,7,0.6,0.9,0.993367683974105,0.952564102564103
"320",0.01,7,0.6,1,0.992951512749372,0.953205128205128
"321",0.01,7,0.7,0.1,0.996492271105826,0.962179487179487
"322",0.01,7,0.7,0.2,0.996796142158806,0.961324786324786
"323",0.01,7,0.7,0.3,0.997014136609856,0.955769230769231
"324",0.01,7,0.7,0.4,0.996888624653191,0.96025641025641
"325",0.01,7,0.7,0.5,0.996492271105826,0.948717948717949
"326",0.01,7,0.7,0.6,0.99641960628881,0.948504273504273
"327",0.01,7,0.7,0.7,0.996313912009512,0.954059829059829
"328",0.01,7,0.7,0.8,0.996446029858634,0.951709401709402
"329",0.01,7,0.7,0.9,0.995659928656361,0.954059829059829
"330",0.01,7,0.7,1,0.995547628484608,0.954059829059829
"331",0.01,7,0.8,0.1,0.99722552516845,0.966452991452992
"332",0.01,7,0.8,0.2,0.997489760866693,0.961111111111111
"333",0.01,7,0.8,0.3,0.997615272823358,0.95534188034188
"334",0.01,7,0.8,0.4,0.99796538512353,0.960683760683761
"335",0.01,7,0.8,0.5,0.997509578544061,0.954059829059829
"336",0.01,7,0.8,0.6,0.997839873166865,0.949358974358974
"337",0.01,7,0.8,0.7,0.997641696393183,0.957051282051282
"338",0.01,7,0.8,0.8,0.997265160523187,0.956837606837607
"339",0.01,7,0.8,0.9,0.997284978200555,0.955555555555555
"340",0.01,7,0.8,1,0.997113224996697,0.956837606837607
"341",0.01,7,0.9,0.1,0.997958779231074,0.965811965811966
"342",0.01,7,0.9,0.2,0.998189985467037,0.961538461538461
"343",0.01,7,0.9,0.3,0.998388162240719,0.957051282051282
"344",0.01,7,0.9,0.4,0.998447615272823,0.959401709401709
"345",0.01,7,0.9,0.5,0.998348526885982,0.95
"346",0.01,7,0.9,0.6,0.9981503501123,0.952136752136752
"347",0.01,7,0.9,0.7,0.998057867617915,0.951495726495727
"348",0.01,7,0.9,0.8,0.998256044391597,0.951709401709402
"349",0.01,7,0.9,0.9,0.997687937640375,0.954273504273504
"350",0.01,7,0.9,1,0.997218919275994,0.955128205128205
"351",0.01,7,1,0.1,0.998209803144405,0.965384615384615
"352",0.01,7,1,0.2,0.998546703659664,0.960470085470086
"353",0.01,7,1,0.3,0.998797727572995,0.957478632478633
"354",0.01,7,1,0.4,0.998976086669309,0.955982905982906
"355",0.01,7,1,0.5,0.998612762584225,0.955555555555555
"356",0.01,7,1,0.6,0.998810939357907,0.953632478632479
"357",0.01,7,1,0.7,0.998441009380367,0.952350427350427
"358",0.01,7,1,0.8,0.998573127229489,0.951068376068376
"359",0.01,7,1,0.9,0.997456731404413,0.953846153846154
"360",0.01,7,1,1,0.997080195534417,0.934294871794872
"361",0.01,8,0.5,0.1,0.993202536662703,0.961538461538461
"362",0.01,8,0.5,0.2,0.994484079799181,0.959615384615385
"363",0.01,8,0.5,0.3,0.993598890210067,0.954273504273504
"364",0.01,8,0.5,0.4,0.993777249306381,0.958547008547009
"365",0.01,8,0.5,0.5,0.99386312590831,0.954700854700855
"366",0.01,8,0.5,0.6,0.99349319593077,0.957264957264957
"367",0.01,8,0.5,0.7,0.993526225393051,0.954700854700855
"368",0.01,8,0.5,0.8,0.993156295415511,0.952991452991453
"369",0.01,8,0.5,0.9,0.991821905139384,0.946581196581197
"370",0.01,8,0.5,1,0.990949927335183,0.950854700854701
"371",0.01,8,0.6,0.1,0.99438499141234,0.966025641025641
"372",0.01,8,0.6,0.2,0.996062888096182,0.951923076923077
"373",0.01,8,0.6,0.3,0.99534284581847,0.959401709401709
"374",0.01,8,0.6,0.4,0.995025762980579,0.956623931623932
"375",0.01,8,0.6,0.5,0.99460298586339,0.952564102564103
"376",0.01,8,0.6,0.6,0.994510503369005,0.950213675213675
"377",0.01,8,0.6,0.7,0.994867221561633,0.947435897435898
"378",0.01,8,0.6,0.8,0.994616197648302,0.95
"379",0.01,8,0.6,0.9,0.99342713700621,0.952350427350427
"380",0.01,8,0.6,1,0.992958118641828,0.953418803418803
"381",0.01,8,0.7,0.1,0.996835777513542,0.963247863247863
"382",0.01,8,0.7,0.2,0.996941471792839,0.962393162393162
"383",0.01,8,0.7,0.3,0.997060377857049,0.955555555555555
"384",0.01,8,0.7,0.4,0.9970075307174,0.961324786324786
"385",0.01,8,0.7,0.5,0.996518694675651,0.948717948717949
"386",0.01,8,0.7,0.6,0.996446029858634,0.948504273504273
"387",0.01,8,0.7,0.7,0.996353547364249,0.954059829059829
"388",0.01,8,0.7,0.8,0.996426212181266,0.951923076923077
"389",0.01,8,0.7,0.9,0.995673140441274,0.954273504273504
"390",0.01,8,0.7,1,0.995607081516713,0.953632478632479
"391",0.01,8,0.8,0.1,0.997582243361078,0.965811965811966
"392",0.01,8,0.8,0.2,0.997522790328974,0.960683760683761
"393",0.01,8,0.8,0.3,0.997674725855463,0.953846153846154
"394",0.01,8,0.8,0.4,0.998064473510371,0.959615384615385
"395",0.01,8,0.8,0.5,0.997555819791254,0.954273504273504
"396",0.01,8,0.8,0.6,0.997859690844233,0.94957264957265
"397",0.01,8,0.8,0.7,0.997661514070551,0.956410256410256
"398",0.01,8,0.8,0.8,0.997271766415643,0.956837606837607
"399",0.01,8,0.8,0.9,0.997298189985467,0.956410256410256
"400",0.01,8,0.8,1,0.997119830889153,0.956837606837607
"401",0.01,8,0.9,0.1,0.99808429118774,0.966239316239316
"402",0.01,8,0.9,0.2,0.998322103316158,0.960897435897436
"403",0.01,8,0.9,0.3,0.99848725062756,0.957478632478633
"404",0.01,8,0.9,0.4,0.998612762584225,0.960042735042735
"405",0.01,8,0.9,0.5,0.998427797595455,0.949358974358974
"406",0.01,8,0.9,0.6,0.99818337957458,0.952136752136752
"407",0.01,8,0.9,0.7,0.99808429118774,0.951709401709402
"408",0.01,8,0.9,0.8,0.998262650284053,0.951068376068376
"409",0.01,8,0.9,0.9,0.997608666930902,0.953846153846154
"410",0.01,8,0.9,1,0.997238736953362,0.95534188034188
"411",0.01,8,1,0.1,0.998599550799313,0.964957264957265
"412",0.01,8,1,0.2,0.99892323952966,0.961752136752137
"413",0.01,8,1,0.3,0.998943057207029,0.958119658119658
"414",0.01,8,1,0.4,0.999180869335447,0.955769230769231
"415",0.01,8,1,0.5,0.998692033293698,0.954700854700855
"416",0.01,8,1,0.6,0.998810939357907,0.952777777777778
"417",0.01,8,1,0.7,0.998467432950192,0.952777777777778
"418",0.01,8,1,0.8,0.998632580261593,0.95042735042735
"419",0.01,8,1,0.9,0.997621878715815,0.953846153846154
"420",0.01,8,1,1,0.997080195534417,0.938782051282051
"421",0.01,9,0.5,0.1,0.993301625049544,0.961324786324786
"422",0.01,9,0.5,0.2,0.994484079799181,0.959615384615385
"423",0.01,9,0.5,0.3,0.993592284317611,0.954273504273504
"424",0.01,9,0.5,0.4,0.993777249306381,0.958119658119658
"425",0.01,9,0.5,0.5,0.993849914123398,0.955128205128205
"426",0.01,9,0.5,0.6,0.99349319593077,0.957264957264957
"427",0.01,9,0.5,0.7,0.993526225393051,0.954700854700855
"428",0.01,9,0.5,0.8,0.993156295415511,0.952991452991453
"429",0.01,9,0.5,0.9,0.99182851103184,0.947008547008547
"430",0.01,9,0.5,1,0.990936715550271,0.950641025641026
"431",0.01,9,0.6,0.1,0.994457656229357,0.966025641025641
"432",0.01,9,0.6,0.2,0.996102523450918,0.951923076923077
"433",0.01,9,0.6,0.3,0.995362663495838,0.959615384615385
"434",0.01,9,0.6,0.4,0.995032368873035,0.956623931623932
"435",0.01,9,0.6,0.5,0.994609591755846,0.952350427350427
"436",0.01,9,0.6,0.6,0.994503897476549,0.950213675213675
"437",0.01,9,0.6,0.7,0.994860615669177,0.947435897435898
"438",0.01,9,0.6,0.8,0.994609591755846,0.950213675213675
"439",0.01,9,0.6,0.9,0.993433742898666,0.952350427350427
"440",0.01,9,0.6,1,0.992944906856916,0.953846153846154
"441",0.01,9,0.7,0.1,0.996987713040032,0.963461538461538
"442",0.01,9,0.7,0.2,0.996994318932488,0.962393162393162
"443",0.01,9,0.7,0.3,0.997080195534417,0.955555555555555
"444",0.01,9,0.7,0.4,0.9970075307174,0.961111111111111
"445",0.01,9,0.7,0.5,0.996492271105826,0.949358974358974
"446",0.01,9,0.7,0.6,0.996446029858634,0.949145299145299
"447",0.01,9,0.7,0.7,0.996353547364249,0.954487179487179
"448",0.01,9,0.7,0.8,0.99645263575109,0.951923076923077
"449",0.01,9,0.7,0.9,0.995640110978993,0.954059829059829
"450",0.01,9,0.7,1,0.995607081516713,0.953632478632479
"451",0.01,9,0.8,0.1,0.997701149425287,0.966666666666667
"452",0.01,9,0.8,0.2,0.997602061038446,0.960470085470086
"453",0.01,9,0.8,0.3,0.997674725855463,0.953846153846154
"454",0.01,9,0.8,0.4,0.998071079402827,0.95982905982906
"455",0.01,9,0.8,0.5,0.99752939622143,0.954059829059829
"456",0.01,9,0.8,0.6,0.997872902629145,0.95
"457",0.01,9,0.8,0.7,0.997668119963007,0.956623931623932
"458",0.01,9,0.8,0.8,0.997291584093011,0.956837606837607
"459",0.01,9,0.8,0.9,0.997298189985467,0.956196581196581
"460",0.01,9,0.8,1,0.997185889813714,0.956837606837607
"461",0.01,9,0.9,0.1,0.998308891531246,0.966025641025641
"462",0.01,9,0.9,0.2,0.998414585810543,0.961752136752137
"463",0.01,9,0.9,0.3,0.998493856520016,0.956623931623932
"464",0.01,9,0.9,0.4,0.998639186154049,0.959401709401709
"465",0.01,9,0.9,0.5,0.998441009380367,0.949145299145299
"466",0.01,9,0.9,0.6,0.998203197251949,0.952136752136752
"467",0.01,9,0.9,0.7,0.99808429118774,0.952350427350427
"468",0.01,9,0.9,0.8,0.99826925617651,0.951068376068376
"469",0.01,9,0.9,0.9,0.997621878715815,0.954273504273504
"470",0.01,9,0.9,1,0.99722552516845,0.955128205128205
"471",0.01,9,1,0.1,0.998797727572995,0.965811965811966
"472",0.01,9,1,0.2,0.99904214559387,0.961965811965812
"473",0.01,9,1,0.3,0.999088386841062,0.960470085470086
"474",0.01,9,1,0.4,0.999299775399656,0.956410256410256
"475",0.01,9,1,0.5,0.998718456863522,0.954487179487179
"476",0.01,9,1,0.6,0.998810939357907,0.952991452991453
"477",0.01,9,1,0.7,0.998467432950192,0.951709401709402
"478",0.01,9,1,0.8,0.998546703659664,0.951709401709402
"479",0.01,9,1,0.9,0.997635090500727,0.953632478632479
"480",0.01,9,1,1,0.997066983749505,0.934935897435897
"481",0.01,10,0.5,0.1,0.993328048619368,0.961324786324786
"482",0.01,10,0.5,0.2,0.994490685691637,0.959615384615385
"483",0.01,10,0.5,0.3,0.993592284317611,0.954273504273504
"484",0.01,10,0.5,0.4,0.993777249306381,0.958547008547009
"485",0.01,10,0.5,0.5,0.99386312590831,0.954700854700855
"486",0.01,10,0.5,0.6,0.99349319593077,0.957264957264957
"487",0.01,10,0.5,0.7,0.993539437177963,0.95491452991453
"488",0.01,10,0.5,0.8,0.993156295415511,0.952991452991453
"489",0.01,10,0.5,0.9,0.991742634429912,0.946581196581197
"490",0.01,10,0.5,1,0.990936715550271,0.950641025641026
"491",0.01,10,0.6,0.1,0.994451050336901,0.965811965811966
"492",0.01,10,0.6,0.2,0.996043070418813,0.952777777777778
"493",0.01,10,0.6,0.3,0.995362663495838,0.959615384615385
"494",0.01,10,0.6,0.4,0.995032368873035,0.956623931623932
"495",0.01,10,0.6,0.5,0.994609591755846,0.952564102564103
"496",0.01,10,0.6,0.6,0.994497291584093,0.950213675213675
"497",0.01,10,0.6,0.7,0.994860615669177,0.947649572649573
"498",0.01,10,0.6,0.8,0.994616197648302,0.950213675213675
"499",0.01,10,0.6,0.9,0.993433742898666,0.952136752136752
"500",0.01,10,0.6,1,0.992944906856916,0.954059829059829
"501",0.01,10,0.7,0.1,0.997146254458977,0.963888888888889
"502",0.01,10,0.7,0.2,0.996994318932488,0.962393162393162
"503",0.01,10,0.7,0.3,0.997080195534417,0.955555555555555
"504",0.01,10,0.7,0.4,0.9970075307174,0.961324786324786
"505",0.01,10,0.7,0.5,0.996518694675651,0.948290598290598
"506",0.01,10,0.7,0.6,0.996446029858634,0.949145299145299
"507",0.01,10,0.7,0.7,0.996353547364249,0.954059829059829
"508",0.01,10,0.7,0.8,0.996432818073722,0.951495726495727
"509",0.01,10,0.7,0.9,0.995692958118642,0.955128205128205
"510",0.01,10,0.7,1,0.995607081516713,0.953632478632479
"511",0.01,10,0.8,0.1,0.997793631919672,0.966666666666667
"512",0.01,10,0.8,0.2,0.997608666930902,0.960470085470086
"513",0.01,10,0.8,0.3,0.997674725855463,0.954059829059829
"514",0.01,10,0.8,0.4,0.998077685295284,0.95982905982906
"515",0.01,10,0.8,0.5,0.997542608006342,0.954059829059829
"516",0.01,10,0.8,0.6,0.997859690844233,0.949358974358974
"517",0.01,10,0.8,0.7,0.997661514070551,0.956410256410256
"518",0.01,10,0.8,0.8,0.997337825340204,0.954487179487179
"519",0.01,10,0.8,0.9,0.997284978200555,0.955982905982906
"520",0.01,10,0.8,1,0.997185889813714,0.957264957264957
"521",0.01,10,0.9,0.1,0.998374950455806,0.965811965811966
"522",0.01,10,0.9,0.2,0.998374950455806,0.962179487179487
"523",0.01,10,0.9,0.3,0.998507068304928,0.956837606837607
"524",0.01,10,0.9,0.4,0.998645792046505,0.959401709401709
"525",0.01,10,0.9,0.5,0.998441009380367,0.949145299145299
"526",0.01,10,0.9,0.6,0.998203197251949,0.952136752136752
"527",0.01,10,0.9,0.7,0.99808429118774,0.952350427350427
"528",0.01,10,0.9,0.8,0.99826925617651,0.950854700854701
"529",0.01,10,0.9,0.9,0.997621878715815,0.954273504273504
"530",0.01,10,0.9,1,0.997232131060906,0.95534188034188
"531",0.01,10,1,0.1,0.998804333465451,0.96517094017094
"532",0.01,10,1,0.2,0.99907517505615,0.961324786324786
"533",0.01,10,1,0.3,0.99907517505615,0.959615384615385
"534",0.01,10,1,0.4,0.999299775399656,0.956410256410256
"535",0.01,10,1,0.5,0.998731668648434,0.954273504273504
"536",0.01,10,1,0.6,0.998810939357907,0.953205128205128
"537",0.01,10,1,0.7,0.998467432950192,0.952991452991453
"538",0.01,10,1,0.8,0.998546703659664,0.951709401709402
"539",0.01,10,1,0.9,0.997608666930902,0.952350427350427
"540",0.01,10,1,1,0.997066983749505,0.934935897435897
"541",0.02,2,0.5,0.1,0.976152728233584,0.958333333333333
"542",0.02,2,0.5,0.2,0.981424230413529,0.951602564102564
"543",0.02,2,0.5,0.3,0.979548156956005,0.955128205128205
"544",0.02,2,0.5,0.4,0.979330162504955,0.953846153846154
"545",0.02,2,0.5,0.5,0.976998282467961,0.95267094017094
"546",0.02,2,0.5,0.6,0.979165015193553,0.955662393162393
"547",0.02,2,0.5,0.7,0.978504425947946,0.951388888888889
"548",0.02,2,0.5,0.8,0.976364116792179,0.952029914529914
"549",0.02,2,0.5,0.9,0.97652926410358,0.951602564102564
"550",0.02,2,0.5,1,0.975023120623596,0.95491452991453
"551",0.02,2,0.6,0.1,0.979785969084423,0.95982905982906
"552",0.02,2,0.6,0.2,0.980724005813185,0.954166666666667
"553",0.02,2,0.6,0.3,0.981622407187211,0.955448717948718
"554",0.02,2,0.6,0.4,0.979620821773022,0.953205128205128
"555",0.02,2,0.6,0.5,0.977592812789008,0.948076923076923
"556",0.02,2,0.6,0.6,0.979019685559519,0.948076923076923
"557",0.02,2,0.6,0.7,0.976885982296208,0.945726495726496
"558",0.02,2,0.6,0.8,0.975842251288149,0.948824786324786
"559",0.02,2,0.6,0.9,0.973893513013608,0.945512820512821
"560",0.02,2,0.6,1,0.973543400713436,0.951495726495727
"561",0.02,2,0.7,0.1,0.978894173602854,0.958547008547009
"562",0.02,2,0.7,0.2,0.981272294887039,0.954166666666667
"563",0.02,2,0.7,0.3,0.982382084819659,0.951816239316239
"564",0.02,2,0.7,0.4,0.980572070286696,0.953632478632479
"565",0.02,2,0.7,0.5,0.976919011758488,0.947970085470085
"566",0.02,2,0.7,0.6,0.979561368740917,0.945833333333333
"567",0.02,2,0.7,0.7,0.976991676575505,0.944230769230769
"568",0.02,2,0.7,0.8,0.976568899458317,0.948504273504273
"569",0.02,2,0.7,0.9,0.975459109525697,0.946794871794872
"570",0.02,2,0.7,1,0.973259347337825,0.95224358974359
"571",0.02,2,0.8,0.1,0.977242700488836,0.958119658119658
"572",0.02,2,0.8,0.2,0.980908970801955,0.952457264957265
"573",0.02,2,0.8,0.3,0.981430836305985,0.950961538461538
"574",0.02,2,0.8,0.4,0.980406922975294,0.955021367521368
"575",0.02,2,0.8,0.5,0.979277315365306,0.944978632478632
"576",0.02,2,0.8,0.6,0.979719910159862,0.943055555555556
"577",0.02,2,0.8,0.7,0.978537455410226,0.945619658119658
"578",0.02,2,0.8,0.8,0.976370722684635,0.948717948717949
"579",0.02,2,0.8,0.9,0.974884396882019,0.948611111111111
"580",0.02,2,0.8,1,0.971409697450125,0.952564102564103
"581",0.02,2,0.9,0.1,0.977883472057075,0.95758547008547
"582",0.02,2,0.9,0.2,0.98130532434932,0.95224358974359
"583",0.02,2,0.9,0.3,0.981384595058792,0.951388888888889
"584",0.02,2,0.9,0.4,0.979693486590038,0.952457264957265
"585",0.02,2,0.9,0.5,0.977949530981636,0.94508547008547
"586",0.02,2,0.9,0.6,0.980063416567578,0.943055555555556
"587",0.02,2,0.9,0.7,0.978577090764962,0.945405982905983
"588",0.02,2,0.9,0.8,0.975426080063417,0.947649572649573
"589",0.02,2,0.9,0.9,0.974336107808165,0.945833333333333
"590",0.02,2,0.9,1,0.972096710265557,0.949679487179487
"591",0.02,2,1,0.1,0.978266613819527,0.956730769230769
"592",0.02,2,1,0.2,0.982335843572467,0.952029914529914
"593",0.02,2,1,0.3,0.982098031444048,0.953098290598291
"594",0.02,2,1,0.4,0.980525829039503,0.954059829059829
"595",0.02,2,1,0.5,0.978920597172678,0.948824786324786
"596",0.02,2,1,0.6,0.978847932355661,0.947542735042735
"597",0.02,2,1,0.7,0.978260007927071,0.945192307692308
"598",0.02,2,1,0.8,0.974686220108337,0.946367521367521
"599",0.02,2,1,0.9,0.973087594133968,0.942200854700855
"600",0.02,2,1,1,0.969447747390673,0.951068376068376
"601",0.02,3,0.5,0.1,0.98809618179416,0.962393162393162
"602",0.02,3,0.5,0.2,0.989384330823094,0.957478632478633
"603",0.02,3,0.5,0.3,0.989767472585546,0.959401709401709
"604",0.02,3,0.5,0.4,0.98972783723081,0.958974358974359
"605",0.02,3,0.5,0.5,0.989331483683446,0.953098290598291
"606",0.02,3,0.5,0.6,0.990071343638526,0.957692307692308
"607",0.02,3,0.5,0.7,0.989595719381688,0.957692307692308
"608",0.02,3,0.5,0.8,0.988208481965914,0.958119658119658
"609",0.02,3,0.5,0.9,0.987713040031708,0.959508547008547
"610",0.02,3,0.5,1,0.98673536794821,0.953525641025641
"611",0.02,3,0.6,0.1,0.988849253534153,0.964957264957265
"612",0.02,3,0.6,0.2,0.990262914519752,0.957264957264957
"613",0.02,3,0.6,0.3,0.99083762716343,0.959188034188034
"614",0.02,3,0.6,0.4,0.989430572070287,0.959401709401709
"615",0.02,3,0.6,0.5,0.988789800502048,0.954380341880342
"616",0.02,3,0.6,0.6,0.990606420927467,0.95491452991453
"617",0.02,3,0.6,0.7,0.989595719381688,0.956623931623932
"618",0.02,3,0.6,0.8,0.987680010569428,0.952350427350427
"619",0.02,3,0.6,0.9,0.987706434139252,0.956837606837607
"620",0.02,3,0.6,1,0.987931034482759,0.958119658119658
"621",0.02,3,0.7,0.1,0.989159730479588,0.963675213675214
"622",0.02,3,0.7,0.2,0.990104373100806,0.958760683760684
"623",0.02,3,0.7,0.3,0.991485004624125,0.958974358974359
"624",0.02,3,0.7,0.4,0.990593209142555,0.957478632478633
"625",0.02,3,0.7,0.5,0.9903157616594,0.952884615384615
"626",0.02,3,0.7,0.6,0.990897080195534,0.957051282051282
"627",0.02,3,0.7,0.7,0.990923503765359,0.952350427350427
"628",0.02,3,0.7,0.8,0.989978861144141,0.954700854700855
"629",0.02,3,0.7,0.9,0.98957590170432,0.955128205128205
"630",0.02,3,0.7,1,0.989199365834324,0.957264957264957
"631",0.02,3,0.8,0.1,0.989179548156956,0.96517094017094
"632",0.02,3,0.8,0.2,0.990375214691505,0.957905982905983
"633",0.02,3,0.8,0.3,0.99164354604307,0.956410256410256
"634",0.02,3,0.8,0.4,0.990705509314308,0.96025641025641
"635",0.02,3,0.8,0.5,0.991914387633769,0.949786324786325
"636",0.02,3,0.8,0.6,0.992839212577619,0.954059829059829
"637",0.02,3,0.8,0.7,0.990943321442727,0.952564102564103
"638",0.02,3,0.8,0.8,0.99083762716343,0.954487179487179
"639",0.02,3,0.8,0.9,0.990302549874488,0.957478632478633
"640",0.02,3,0.8,1,0.989377724930638,0.957692307692308
"641",0.02,3,0.9,0.1,0.990421455938697,0.962820512820513
"642",0.02,3,0.9,0.2,0.991326463205179,0.959615384615385
"643",0.02,3,0.9,0.3,0.990989562689919,0.957264957264957
"644",0.02,3,0.9,0.4,0.991769057999736,0.960042735042735
"645",0.02,3,0.9,0.5,0.991220768925882,0.949038461538462
"646",0.02,3,0.9,0.6,0.991993658343242,0.954166666666667
"647",0.02,3,0.9,0.7,0.990586603250099,0.954700854700855
"648",0.02,3,0.9,0.8,0.991154710001321,0.958119658119658
"649",0.02,3,0.9,0.9,0.990613026819923,0.954594017094017
"650",0.02,3,0.9,1,0.990593209142555,0.955769230769231
"651",0.02,3,1,0.1,0.990976350905007,0.963247863247863
"652",0.02,3,1,0.2,0.991636940150614,0.958333333333333
"653",0.02,3,1,0.3,0.991689787290263,0.957905982905983
"654",0.02,3,1,0.4,0.991927599418681,0.963034188034188
"655",0.02,3,1,0.5,0.990890474303078,0.956837606837607
"656",0.02,3,1,0.6,0.991887964063945,0.954380341880342
"657",0.02,3,1,0.7,0.991167921786233,0.955769230769231
"658",0.02,3,1,0.8,0.991220768925882,0.954700854700855
"659",0.02,3,1,0.9,0.990229885057471,0.954166666666667
"660",0.02,3,1,1,0.990698903421852,0.95534188034188
"661",0.02,4,0.5,0.1,0.991887964063945,0.960897435897436
"662",0.02,4,0.5,0.2,0.993605496102523,0.961538461538461
"663",0.02,4,0.5,0.3,0.993856520015854,0.955982905982906
"664",0.02,4,0.5,0.4,0.993836702338486,0.961752136752137
"665",0.02,4,0.5,0.5,0.993499801823226,0.96025641025641
"666",0.02,4,0.5,0.6,0.993975426080063,0.960470085470086
"667",0.02,4,0.5,0.7,0.993367683974105,0.95491452991453
"668",0.02,4,0.5,0.8,0.993189324877791,0.954487179487179
"669",0.02,4,0.5,0.9,0.992707094728498,0.95
"670",0.02,4,0.5,1,0.992475888492535,0.952777777777778
"671",0.02,4,0.6,0.1,0.993010965781477,0.966452991452992
"672",0.02,4,0.6,0.2,0.994642621218127,0.957264957264957
"673",0.02,4,0.6,0.3,0.994338750165147,0.958547008547009
"674",0.02,4,0.6,0.4,0.993876337693222,0.959615384615385
"675",0.02,4,0.6,0.5,0.993281807372176,0.955982905982906
"676",0.02,4,0.6,0.6,0.994312326595323,0.956837606837607
"677",0.02,4,0.6,0.7,0.994001849649888,0.951068376068376
"678",0.02,4,0.6,0.8,0.993103448275862,0.950854700854701
"679",0.02,4,0.6,0.9,0.992878847932356,0.957264957264957
"680",0.02,4,0.6,1,0.99272030651341,0.959615384615385
"681",0.02,4,0.7,0.1,0.994292508917955,0.961538461538461
"682",0.02,4,0.7,0.2,0.995289998678822,0.959615384615385
"683",0.02,4,0.7,0.3,0.995633505086537,0.958974358974359
"684",0.02,4,0.7,0.4,0.995237151539173,0.958547008547009
"685",0.02,4,0.7,0.5,0.994966309948474,0.95534188034188
"686",0.02,4,0.7,0.6,0.995534416699696,0.956410256410256
"687",0.02,4,0.7,0.7,0.995362663495838,0.953846153846154
"688",0.02,4,0.7,0.8,0.994470868014269,0.955128205128205
"689",0.02,4,0.7,0.9,0.994781344959704,0.954273504273504
"690",0.02,4,0.7,1,0.994583168186022,0.957478632478633
"691",0.02,4,0.8,0.1,0.993816884661118,0.966880341880342
"692",0.02,4,0.8,0.2,0.995118245474964,0.963247863247863
"693",0.02,4,0.8,0.3,0.995706169903554,0.956623931623932
"694",0.02,4,0.8,0.4,0.996056282203726,0.959401709401709
"695",0.02,4,0.8,0.5,0.996551724137931,0.954700854700855
"696",0.02,4,0.8,0.6,0.996921654115471,0.958974358974359
"697",0.02,4,0.8,0.7,0.996703659664421,0.957692307692308
"698",0.02,4,0.8,0.8,0.996102523450918,0.951495726495727
"699",0.02,4,0.8,0.9,0.996155370590567,0.956196581196581
"700",0.02,4,0.8,1,0.995256969216541,0.955555555555555
"701",0.02,4,0.9,0.1,0.994801162637072,0.965811965811966
"702",0.02,4,0.9,0.2,0.995534416699696,0.958547008547009
"703",0.02,4,0.9,0.3,0.995613687409169,0.959188034188034
"704",0.02,4,0.9,0.4,0.996848989298454,0.957264957264957
"705",0.02,4,0.9,0.5,0.997060377857049,0.957905982905983
"706",0.02,4,0.9,0.6,0.997311401770379,0.951495726495727
"707",0.02,4,0.9,0.7,0.996954683577751,0.954059829059829
"708",0.02,4,0.9,0.8,0.996650812524772,0.957478632478633
"709",0.02,4,0.9,0.9,0.996247853084952,0.95982905982906
"710",0.02,4,0.9,1,0.996214823622671,0.962820512820513
"711",0.02,4,1,0.1,0.995289998678822,0.964957264957265
"712",0.02,4,1,0.2,0.99682256572863,0.963461538461538
"713",0.02,4,1,0.3,0.996597965385124,0.959188034188034
"714",0.02,4,1,0.4,0.997020742502312,0.959188034188034
"715",0.02,4,1,0.5,0.997093407319329,0.95982905982906
"716",0.02,4,1,0.6,0.997318007662835,0.951495726495727
"717",0.02,4,1,0.7,0.997172678028802,0.954487179487179
"718",0.02,4,1,0.8,0.996815959836174,0.954700854700855
"719",0.02,4,1,0.9,0.996261064869864,0.958653846153846
"720",0.02,4,1,1,0.99626767076232,0.958653846153846
"721",0.02,5,0.5,0.1,0.994246267670762,0.958974358974359
"722",0.02,5,0.5,0.2,0.995593869731801,0.959615384615385
"723",0.02,5,0.5,0.3,0.995382481173206,0.956410256410256
"724",0.02,5,0.5,0.4,0.995574052054433,0.958974358974359
"725",0.02,5,0.5,0.5,0.994629409433215,0.958760683760684
"726",0.02,5,0.5,0.6,0.994860615669177,0.959401709401709
"727",0.02,5,0.5,0.7,0.994371779627428,0.952991452991453
"728",0.02,5,0.5,0.8,0.99475492138988,0.954273504273504
"729",0.02,5,0.5,0.9,0.994120755714097,0.952136752136752
"730",0.02,5,0.5,1,0.993506407715682,0.951923076923077
"731",0.02,5,0.6,0.1,0.995732593473378,0.964957264957265
"732",0.02,5,0.6,0.2,0.996406394503897,0.955555555555555
"733",0.02,5,0.6,0.3,0.996571541815299,0.960470085470086
"734",0.02,5,0.6,0.4,0.995772228828115,0.956410256410256
"735",0.02,5,0.6,0.5,0.995210727969349,0.955555555555555
"736",0.02,5,0.6,0.6,0.995917558462148,0.953205128205128
"737",0.02,5,0.6,0.7,0.995904346677236,0.951709401709402
"738",0.02,5,0.6,0.8,0.995587263839345,0.954273504273504
"739",0.02,5,0.6,0.9,0.994992733518298,0.952136752136752
"740",0.02,5,0.6,1,0.995065398335315,0.955128205128205
"741",0.02,5,0.7,0.1,0.99626767076232,0.962393162393162
"742",0.02,5,0.7,0.2,0.997113224996697,0.962820512820513
"743",0.02,5,0.7,0.3,0.997469943189325,0.96025641025641
"744",0.02,5,0.7,0.4,0.996875412868279,0.961752136752137
"745",0.02,5,0.7,0.5,0.997304795877923,0.952991452991453
"746",0.02,5,0.7,0.6,0.997522790328974,0.951068376068376
"747",0.02,5,0.7,0.7,0.997199101598626,0.952777777777778
"748",0.02,5,0.7,0.8,0.996644206632316,0.951495726495727
"749",0.02,5,0.7,0.9,0.996346941471793,0.945512820512821
"750",0.02,5,0.7,1,0.996353547364249,0.956623931623932
"751",0.02,5,0.8,0.1,0.996875412868279,0.966452991452992
"752",0.02,5,0.8,0.2,0.996862201083366,0.961965811965812
"753",0.02,5,0.8,0.3,0.997773814242304,0.958974358974359
"754",0.02,5,0.8,0.4,0.997925749768794,0.957905982905983
"755",0.02,5,0.8,0.5,0.9981503501123,0.952350427350427
"756",0.02,5,0.8,0.6,0.998242832606685,0.953418803418803
"757",0.02,5,0.8,0.7,0.998282467961422,0.953205128205128
"758",0.02,5,0.8,0.8,0.997879508521601,0.952564102564103
"759",0.02,5,0.8,0.9,0.99778042013476,0.958974358974359
"760",0.02,5,0.8,1,0.997423701942132,0.956410256410256
"761",0.02,5,0.9,0.1,0.997020742502312,0.968162393162393
"762",0.02,5,0.9,0.2,0.997536002113886,0.955128205128205
"763",0.02,5,0.9,0.3,0.997866296736689,0.960683760683761
"764",0.02,5,0.9,0.4,0.998374950455806,0.960897435897436
"765",0.02,5,0.9,0.5,0.998573127229489,0.949145299145299
"766",0.02,5,0.9,0.6,0.998566521337032,0.94957264957265
"767",0.02,5,0.9,0.7,0.998414585810543,0.952350427350427
"768",0.02,5,0.9,0.8,0.998553309552121,0.953846153846154
"769",0.02,5,0.9,0.9,0.998110714757564,0.953632478632479
"770",0.02,5,0.9,1,0.997820055489497,0.953632478632479
"771",0.02,5,1,0.1,0.99734443123266,0.964957264957265
"772",0.02,5,1,0.2,0.998355132778438,0.961538461538461
"773",0.02,5,1,0.3,0.998236226714229,0.95982905982906
"774",0.02,5,1,0.4,0.998639186154049,0.958333333333333
"775",0.02,5,1,0.5,0.998810939357907,0.955128205128205
"776",0.02,5,1,0.6,0.998824151142819,0.951068376068376
"777",0.02,5,1,0.7,0.998771304003171,0.951709401709402
"778",0.02,5,1,0.8,0.998665609723874,0.954700854700855
"779",0.02,5,1,0.9,0.998388162240719,0.951495726495727
"780",0.02,5,1,1,0.998031444048091,0.951816239316239
"781",0.02,6,0.5,0.1,0.99456995640111,0.959401709401709
"782",0.02,6,0.5,0.2,0.996142158805655,0.957692307692308
"783",0.02,6,0.5,0.3,0.995435328312855,0.955769230769231
"784",0.02,6,0.5,0.4,0.995501387237416,0.958547008547009
"785",0.02,6,0.5,0.5,0.994979521733386,0.95982905982906
"786",0.02,6,0.5,0.6,0.995131457259876,0.958760683760684
"787",0.02,6,0.5,0.7,0.994860615669177,0.951282051282051
"788",0.02,6,0.5,0.8,0.994854009776721,0.955128205128205
"789",0.02,6,0.5,0.9,0.994371779627428,0.94957264957265
"790",0.02,6,0.5,1,0.9940150614348,0.952564102564103
"791",0.02,6,0.6,0.1,0.996313912009512,0.963461538461538
"792",0.02,6,0.6,0.2,0.997542608006342,0.956837606837607
"793",0.02,6,0.6,0.3,0.996901836438103,0.957051282051282
"794",0.02,6,0.6,0.4,0.996578147707755,0.95534188034188
"795",0.02,6,0.6,0.5,0.995844893645131,0.955769230769231
"796",0.02,6,0.6,0.6,0.996525300568107,0.954273504273504
"797",0.02,6,0.6,0.7,0.996128947020742,0.952136752136752
"798",0.02,6,0.6,0.8,0.99593077024706,0.951923076923077
"799",0.02,6,0.6,0.9,0.995369269388294,0.952136752136752
"800",0.02,6,0.6,1,0.995289998678822,0.954487179487179
"801",0.02,6,0.7,0.1,0.997502972651605,0.964102564102564
"802",0.02,6,0.7,0.2,0.997707755317743,0.960470085470086
"803",0.02,6,0.7,0.3,0.99796538512353,0.961752136752137
"804",0.02,6,0.7,0.4,0.997773814242304,0.957905982905983
"805",0.02,6,0.7,0.5,0.997971991015986,0.951923076923077
"806",0.02,6,0.7,0.6,0.998057867617915,0.951709401709402
"807",0.02,6,0.7,0.7,0.997615272823358,0.951282051282051
"808",0.02,6,0.7,0.8,0.997251948738275,0.952777777777778
"809",0.02,6,0.7,0.9,0.996941471792839,0.948076923076923
"810",0.02,6,0.7,1,0.996908442330559,0.957478632478633
"811",0.02,6,0.8,0.1,0.997787026027216,0.965598290598291
"812",0.02,6,0.8,0.2,0.99778042013476,0.95982905982906
"813",0.02,6,0.8,0.3,0.99848725062756,0.957692307692308
"814",0.02,6,0.8,0.4,0.998559915444577,0.956837606837607
"815",0.02,6,0.8,0.5,0.998692033293698,0.951282051282051
"816",0.02,6,0.8,0.6,0.998718456863522,0.952991452991453
"817",0.02,6,0.8,0.7,0.998533491874752,0.951282051282051
"818",0.02,6,0.8,0.8,0.998493856520016,0.953205128205128
"819",0.02,6,0.8,0.9,0.998289073853878,0.956837606837607
"820",0.02,6,0.8,1,0.998110714757564,0.954059829059829
"821",0.02,6,0.9,0.1,0.997998414585811,0.967307692307692
"822",0.02,6,0.9,0.2,0.998441009380367,0.956623931623932
"823",0.02,6,0.9,0.3,0.998791121680539,0.958119658119658
"824",0.02,6,0.9,0.4,0.998995904346677,0.960042735042735
"825",0.02,6,0.9,0.5,0.999147839873167,0.950213675213675
"826",0.02,6,0.9,0.6,0.99904214559387,0.951068376068376
"827",0.02,6,0.9,0.7,0.998969480776853,0.952777777777778
"828",0.02,6,0.9,0.8,0.999048751486326,0.952991452991453
"829",0.02,6,0.9,0.9,0.998639186154049,0.953846153846154
"830",0.02,6,0.9,1,0.998110714757564,0.953846153846154
"831",0.02,6,1,0.1,0.998467432950192,0.963247863247863
"832",0.02,6,1,0.2,0.999180869335447,0.96025641025641
"833",0.02,6,1,0.3,0.999068569163694,0.959401709401709
"834",0.02,6,1,0.4,0.999365834324217,0.958547008547009
"835",0.02,6,1,0.5,0.999220504690184,0.954487179487179
"836",0.02,6,1,0.6,0.999326198969481,0.94957264957265
"837",0.02,6,1,0.7,0.999061963271238,0.952136752136752
"838",0.02,6,1,0.8,0.99907517505615,0.95491452991453
"839",0.02,6,1,0.9,0.998784515788083,0.95534188034188
"840",0.02,6,1,1,0.998546703659664,0.952136752136752
"841",0.02,7,0.5,0.1,0.995329634033558,0.961538461538461
"842",0.02,7,0.5,0.2,0.996208217730215,0.958760683760684
"843",0.02,7,0.5,0.3,0.995706169903554,0.956196581196581
"844",0.02,7,0.5,0.4,0.995613687409169,0.958119658119658
"845",0.02,7,0.5,0.5,0.995131457259876,0.958760683760684
"846",0.02,7,0.5,0.6,0.995223939754261,0.958547008547009
"847",0.02,7,0.5,0.7,0.994880433346545,0.951923076923077
"848",0.02,7,0.5,0.8,0.994854009776721,0.95534188034188
"849",0.02,7,0.5,0.9,0.994470868014269,0.95
"850",0.02,7,0.5,1,0.993922578940415,0.951282051282051
"851",0.02,7,0.6,0.1,0.996723477341789,0.963247863247863
"852",0.02,7,0.6,0.2,0.997522790328974,0.955555555555555
"853",0.02,7,0.6,0.3,0.997251948738275,0.955982905982906
"854",0.02,7,0.6,0.4,0.996630994847404,0.955982905982906
"855",0.02,7,0.6,0.5,0.996135552913198,0.956837606837607
"856",0.02,7,0.6,0.6,0.996650812524772,0.953846153846154
"857",0.02,7,0.6,0.7,0.9963007002246,0.95042735042735
"858",0.02,7,0.6,0.8,0.995963799709341,0.951709401709402
"859",0.02,7,0.6,0.9,0.995448540097767,0.95042735042735
"860",0.02,7,0.6,1,0.995441934205311,0.954487179487179
"861",0.02,7,0.7,0.1,0.997886114414057,0.966239316239316
"862",0.02,7,0.7,0.2,0.998005020478267,0.959615384615385
"863",0.02,7,0.7,0.3,0.998189985467037,0.960042735042735
"864",0.02,7,0.7,0.4,0.998071079402827,0.957264957264957
"865",0.02,7,0.7,0.5,0.997991808693354,0.955128205128205
"866",0.02,7,0.7,0.6,0.99808429118774,0.952564102564103
"867",0.02,7,0.7,0.7,0.997720967102656,0.951709401709402
"868",0.02,7,0.7,0.8,0.997337825340204,0.953205128205128
"869",0.02,7,0.7,0.9,0.997199101598626,0.946794871794872
"870",0.02,7,0.7,1,0.996895230545647,0.958974358974359
"871",0.02,7,0.8,0.1,0.998355132778438,0.967094017094017
"872",0.02,7,0.8,0.2,0.99808429118774,0.960470085470086
"873",0.02,7,0.8,0.3,0.998632580261593,0.956623931623932
"874",0.02,7,0.8,0.4,0.998665609723874,0.956623931623932
"875",0.02,7,0.8,0.5,0.998824151142819,0.951923076923077
"876",0.02,7,0.8,0.6,0.998916633637204,0.953846153846154
"877",0.02,7,0.8,0.7,0.998665609723874,0.951495726495727
"878",0.02,7,0.8,0.8,0.998612762584225,0.954059829059829
"879",0.02,7,0.8,0.9,0.99833531510107,0.954273504273504
"880",0.02,7,0.8,1,0.998295679746334,0.953418803418803
"881",0.02,7,0.9,0.1,0.998698639186154,0.968589743589744
"882",0.02,7,0.9,0.2,0.998817545250363,0.956196581196581
"883",0.02,7,0.9,0.3,0.998916633637204,0.959188034188034
"884",0.02,7,0.9,0.4,0.999273351829832,0.959188034188034
"885",0.02,7,0.9,0.5,0.999273351829832,0.951282051282051
"886",0.02,7,0.9,0.6,0.99922711058264,0.95
"887",0.02,7,0.9,0.7,0.999088386841062,0.951709401709402
"888",0.02,7,0.9,0.8,0.999088386841062,0.954487179487179
"889",0.02,7,0.9,0.9,0.998744880433347,0.954487179487179
"890",0.02,7,0.9,1,0.998189985467037,0.954059829059829
"891",0.02,7,1,0.1,0.999048751486326,0.963247863247863
"892",0.02,7,1,0.2,0.999286563614744,0.958547008547009
"893",0.02,7,1,0.3,0.999312987184569,0.958760683760684
"894",0.02,7,1,0.4,0.99963007002246,0.958119658119658
"895",0.02,7,1,0.5,0.999471528603514,0.951709401709402
"896",0.02,7,1,0.6,0.999471528603514,0.95042735042735
"897",0.02,7,1,0.7,0.999312987184569,0.951923076923077
"898",0.02,7,1,0.8,0.99926014004492,0.953846153846154
"899",0.02,7,1,0.9,0.999253534152464,0.952136752136752
"900",0.02,7,1,1,0.998850574712644,0.94957264957265
"901",0.02,8,0.5,0.1,0.995547628484608,0.958333333333333
"902",0.02,8,0.5,0.2,0.996161976483023,0.958760683760684
"903",0.02,8,0.5,0.3,0.99574580525829,0.956196581196581
"904",0.02,8,0.5,0.4,0.995593869731801,0.959188034188034
"905",0.02,8,0.5,0.5,0.995144669044788,0.958974358974359
"906",0.02,8,0.5,0.6,0.995230545646717,0.958547008547009
"907",0.02,8,0.5,0.7,0.994900251023913,0.951495726495727
"908",0.02,8,0.5,0.8,0.994860615669177,0.955769230769231
"909",0.02,8,0.5,0.9,0.994490685691637,0.95
"910",0.02,8,0.5,1,0.993962214295151,0.951282051282051
"911",0.02,8,0.6,0.1,0.996743295019157,0.964529914529915
"912",0.02,8,0.6,0.2,0.997357643017572,0.95534188034188
"913",0.02,8,0.6,0.3,0.997238736953362,0.955769230769231
"914",0.02,8,0.6,0.4,0.996815959836174,0.95534188034188
"915",0.02,8,0.6,0.5,0.996142158805655,0.957264957264957
"916",0.02,8,0.6,0.6,0.996736689126701,0.953418803418803
"917",0.02,8,0.6,0.7,0.996142158805655,0.950854700854701
"918",0.02,8,0.6,0.8,0.99604967631127,0.952350427350427
"919",0.02,8,0.6,0.9,0.995468357775135,0.950854700854701
"920",0.02,8,0.6,1,0.99534284581847,0.953846153846154
"921",0.02,8,0.7,0.1,0.998170167789668,0.96474358974359
"922",0.02,8,0.7,0.2,0.998249438499141,0.960042735042735
"923",0.02,8,0.7,0.3,0.998223014929317,0.959615384615385
"924",0.02,8,0.7,0.4,0.998216409036861,0.956837606837607
"925",0.02,8,0.7,0.5,0.998064473510371,0.954059829059829
"926",0.02,8,0.7,0.6,0.998156956004756,0.951495726495727
"927",0.02,8,0.7,0.7,0.997753996564936,0.952777777777778
"928",0.02,8,0.7,0.8,0.997357643017572,0.953418803418803
"929",0.02,8,0.7,0.9,0.99719249570617,0.947435897435898
"930",0.02,8,0.7,1,0.997014136609856,0.960042735042735
"931",0.02,8,0.8,0.1,0.998599550799313,0.967094017094017
"932",0.02,8,0.8,0.2,0.998328709208614,0.960897435897436
"933",0.02,8,0.8,0.3,0.998685427401242,0.956196581196581
"934",0.02,8,0.8,0.4,0.998824151142819,0.956196581196581
"935",0.02,8,0.8,0.5,0.998744880433347,0.952136752136752
"936",0.02,8,0.8,0.6,0.99889021006738,0.952564102564103
"937",0.02,8,0.8,0.7,0.998659003831418,0.951709401709402
"938",0.02,8,0.8,0.8,0.998625974369137,0.954273504273504
"939",0.02,8,0.8,0.9,0.998361738670895,0.954487179487179
"940",0.02,8,0.8,1,0.998295679746334,0.954487179487179
"941",0.02,8,0.9,0.1,0.999028933808958,0.968162393162393
"942",0.02,8,0.9,0.2,0.999220504690184,0.956410256410256
"943",0.02,8,0.9,0.3,0.999048751486326,0.959615384615385
"944",0.02,8,0.9,0.4,0.999352622539305,0.959188034188034
"945",0.02,8,0.9,0.5,0.999392257894041,0.951495726495727
"946",0.02,8,0.9,0.6,0.999240322367552,0.949358974358974
"947",0.02,8,0.9,0.7,0.999088386841062,0.951709401709402
"948",0.02,8,0.9,0.8,0.999088386841062,0.954273504273504
"949",0.02,8,0.9,0.9,0.998718456863522,0.954700854700855
"950",0.02,8,0.9,1,0.998242832606685,0.954700854700855
"951",0.02,8,1,0.1,0.999319593077025,0.964957264957265
"952",0.02,8,1,0.2,0.99963007002246,0.956410256410256
"953",0.02,8,1,0.3,0.999299775399656,0.960683760683761
"954",0.02,8,1,0.4,0.999682917162109,0.957264957264957
"955",0.02,8,1,0.5,0.999458316818602,0.951282051282051
"956",0.02,8,1,0.6,0.999491346280882,0.950641025641026
"957",0.02,8,1,0.7,0.999273351829832,0.950854700854701
"958",0.02,8,1,0.8,0.999286563614744,0.953846153846154
"959",0.02,8,1,0.9,0.999220504690184,0.952991452991453
"960",0.02,8,1,1,0.998850574712644,0.95042735042735
"961",0.02,9,0.5,0.1,0.995567446161976,0.958119658119658
"962",0.02,9,0.5,0.2,0.996175188267935,0.959188034188034
"963",0.02,9,0.5,0.3,0.995706169903554,0.956196581196581
"964",0.02,9,0.5,0.4,0.995725987580922,0.958760683760684
"965",0.02,9,0.5,0.5,0.995118245474964,0.958974358974359
"966",0.02,9,0.5,0.6,0.995204122076893,0.958119658119658
"967",0.02,9,0.5,0.7,0.994887039239001,0.952136752136752
"968",0.02,9,0.5,0.8,0.994860615669177,0.955769230769231
"969",0.02,9,0.5,0.9,0.994503897476549,0.95
"970",0.02,9,0.5,1,0.993962214295151,0.951495726495727
"971",0.02,9,0.6,0.1,0.996809353943718,0.964529914529915
"972",0.02,9,0.6,0.2,0.997417096049676,0.95534188034188
"973",0.02,9,0.6,0.3,0.997238736953362,0.956196581196581
"974",0.02,9,0.6,0.4,0.99678953626635,0.955555555555555
"975",0.02,9,0.6,0.5,0.996188400052847,0.955982905982906
"976",0.02,9,0.6,0.6,0.996736689126701,0.953632478632479
"977",0.02,9,0.6,0.7,0.996142158805655,0.950854700854701
"978",0.02,9,0.6,0.8,0.996043070418813,0.952350427350427
"979",0.02,9,0.6,0.9,0.995468357775135,0.951495726495727
"980",0.02,9,0.6,1,0.995336239926014,0.954273504273504
"981",0.02,9,0.7,0.1,0.998236226714229,0.96474358974359
"982",0.02,9,0.7,0.2,0.998315497423702,0.959615384615385
"983",0.02,9,0.7,0.3,0.998295679746334,0.95982905982906
"984",0.02,9,0.7,0.4,0.998209803144405,0.956837606837607
"985",0.02,9,0.7,0.5,0.99811732065002,0.954700854700855
"986",0.02,9,0.7,0.6,0.998176773682125,0.952136752136752
"987",0.02,9,0.7,0.7,0.997760602457392,0.952136752136752
"988",0.02,9,0.7,0.8,0.997337825340204,0.953418803418803
"989",0.02,9,0.7,0.9,0.997199101598626,0.946367521367521
"990",0.02,9,0.7,1,0.996921654115471,0.959188034188034
"991",0.02,9,0.8,0.1,0.998665609723874,0.963888888888889
"992",0.02,9,0.8,0.2,0.998427797595455,0.962606837606838
"993",0.02,9,0.8,0.3,0.998731668648434,0.956410256410256
"994",0.02,9,0.8,0.4,0.998810939357907,0.956196581196581
"995",0.02,9,0.8,0.5,0.9988571806051,0.952136752136752
"996",0.02,9,0.8,0.6,0.998903421852292,0.952564102564103
"997",0.02,9,0.8,0.7,0.998652397938962,0.951923076923077
"998",0.02,9,0.8,0.8,0.998625974369137,0.954059829059829
"999",0.02,9,0.8,0.9,0.998361738670895,0.954700854700855
"1000",0.02,9,0.8,1,0.998322103316158,0.955128205128205
"1001",0.02,9,0.9,0.1,0.998969480776853,0.968376068376068
"1002",0.02,9,0.9,0.2,0.999326198969481,0.956623931623932
"1003",0.02,9,0.9,0.3,0.999101598625974,0.959615384615385
"1004",0.02,9,0.9,0.4,0.999379046109129,0.958333333333333
"1005",0.02,9,0.9,0.5,0.999379046109129,0.951282051282051
"1006",0.02,9,0.9,0.6,0.99926014004492,0.949786324786325
"1007",0.02,9,0.9,0.7,0.999088386841062,0.951923076923077
"1008",0.02,9,0.9,0.8,0.999088386841062,0.953632478632479
"1009",0.02,9,0.9,0.9,0.998758092218259,0.953632478632479
"1010",0.02,9,0.9,1,0.998242832606685,0.95491452991453
"1011",0.02,9,1,0.1,0.999530981635619,0.96517094017094
"1012",0.02,9,1,0.2,0.999603646452636,0.956837606837607
"1013",0.02,9,1,0.3,0.999458316818602,0.959615384615385
"1014",0.02,9,1,0.4,0.999709340731933,0.958974358974359
"1015",0.02,9,1,0.5,0.999458316818602,0.951923076923077
"1016",0.02,9,1,0.6,0.999497952173339,0.950854700854701
"1017",0.02,9,1,0.7,0.999418681463866,0.953632478632479
"1018",0.02,9,1,0.8,0.999299775399656,0.954059829059829
"1019",0.02,9,1,0.9,0.999180869335447,0.953418803418803
"1020",0.02,9,1,1,0.998810939357907,0.951495726495727
"1021",0.02,10,0.5,0.1,0.995567446161976,0.958333333333333
"1022",0.02,10,0.5,0.2,0.996175188267935,0.959188034188034
"1023",0.02,10,0.5,0.3,0.995706169903554,0.956196581196581
"1024",0.02,10,0.5,0.4,0.995725987580922,0.958547008547009
"1025",0.02,10,0.5,0.5,0.995118245474964,0.958974358974359
"1026",0.02,10,0.5,0.6,0.995204122076893,0.958119658119658
"1027",0.02,10,0.5,0.7,0.994887039239001,0.951709401709402
"1028",0.02,10,0.5,0.8,0.994860615669177,0.955769230769231
"1029",0.02,10,0.5,0.9,0.994503897476549,0.95
"1030",0.02,10,0.5,1,0.993962214295151,0.951282051282051
"1031",0.02,10,0.6,0.1,0.99682256572863,0.963888888888889
"1032",0.02,10,0.6,0.2,0.997397278372308,0.955555555555555
"1033",0.02,10,0.6,0.3,0.997245342845819,0.956196581196581
"1034",0.02,10,0.6,0.4,0.996796142158806,0.955555555555555
"1035",0.02,10,0.6,0.5,0.996287488439688,0.957264957264957
"1036",0.02,10,0.6,0.6,0.996736689126701,0.953632478632479
"1037",0.02,10,0.6,0.7,0.996142158805655,0.950854700854701
"1038",0.02,10,0.6,0.8,0.99604967631127,0.952350427350427
"1039",0.02,10,0.6,0.9,0.995468357775135,0.951282051282051
"1040",0.02,10,0.6,1,0.995329634033558,0.954273504273504
"1041",0.02,10,0.7,0.1,0.998262650284053,0.96474358974359
"1042",0.02,10,0.7,0.2,0.998282467961422,0.959615384615385
"1043",0.02,10,0.7,0.3,0.99830228563879,0.95982905982906
"1044",0.02,10,0.7,0.4,0.998216409036861,0.956837606837607
"1045",0.02,10,0.7,0.5,0.998163561897212,0.952136752136752
"1046",0.02,10,0.7,0.6,0.998176773682125,0.952350427350427
"1047",0.02,10,0.7,0.7,0.997753996564936,0.952777777777778
"1048",0.02,10,0.7,0.8,0.997337825340204,0.953418803418803
"1049",0.02,10,0.7,0.9,0.997199101598626,0.946794871794872
"1050",0.02,10,0.7,1,0.996915048223015,0.959188034188034
"1051",0.02,10,0.8,0.1,0.998592944906857,0.967948717948718
"1052",0.02,10,0.8,0.2,0.998447615272823,0.961324786324786
"1053",0.02,10,0.8,0.3,0.998758092218259,0.956623931623932
"1054",0.02,10,0.8,0.4,0.998797727572995,0.956196581196581
"1055",0.02,10,0.8,0.5,0.9988571806051,0.952136752136752
"1056",0.02,10,0.8,0.6,0.998903421852292,0.952564102564103
"1057",0.02,10,0.8,0.7,0.998652397938962,0.952136752136752
"1058",0.02,10,0.8,0.8,0.998625974369137,0.954059829059829
"1059",0.02,10,0.8,0.9,0.99833531510107,0.95491452991453
"1060",0.02,10,0.8,1,0.998322103316158,0.955128205128205
"1061",0.02,10,0.9,0.1,0.999068569163694,0.969230769230769
"1062",0.02,10,0.9,0.2,0.999379046109129,0.957478632478633
"1063",0.02,10,0.9,0.3,0.999101598625974,0.959401709401709
"1064",0.02,10,0.9,0.4,0.999379046109129,0.958760683760684
"1065",0.02,10,0.9,0.5,0.999379046109129,0.951068376068376
"1066",0.02,10,0.9,0.6,0.99926014004492,0.949786324786325
"1067",0.02,10,0.9,0.7,0.999088386841062,0.951923076923077
"1068",0.02,10,0.9,0.8,0.999088386841062,0.954273504273504
"1069",0.02,10,0.9,0.9,0.998758092218259,0.953632478632479
"1070",0.02,10,0.9,1,0.998242832606685,0.95534188034188
"1071",0.02,10,1,0.1,0.999603646452636,0.966025641025641
"1072",0.02,10,1,0.2,0.999696128947021,0.957905982905983
"1073",0.02,10,1,0.3,0.999564011097899,0.960042735042735
"1074",0.02,10,1,0.4,0.999696128947021,0.958547008547009
"1075",0.02,10,1,0.5,0.999458316818602,0.951495726495727
"1076",0.02,10,1,0.6,0.999497952173339,0.951068376068376
"1077",0.02,10,1,0.7,0.999392257894041,0.952777777777778
"1078",0.02,10,1,0.8,0.999253534152464,0.953632478632479
"1079",0.02,10,1,0.9,0.999194081120359,0.952564102564103
"1080",0.02,10,1,1,0.998810939357907,0.951709401709402
"1081",0.03,2,0.5,0.1,0.981159994715286,0.95982905982906
"1082",0.03,2,0.5,0.2,0.983399392257894,0.951602564102564
"1083",0.03,2,0.5,0.3,0.986345620293302,0.959401709401709
"1084",0.03,2,0.5,0.4,0.985744484079799,0.952991452991453
"1085",0.03,2,0.5,0.5,0.983313515655965,0.951175213675214
"1086",0.03,2,0.5,0.6,0.983894834192099,0.952991452991453
"1087",0.03,2,0.5,0.7,0.983207821376668,0.950534188034188
"1088",0.03,2,0.5,0.8,0.980724005813185,0.94775641025641
"1089",0.03,2,0.5,0.9,0.980248381556348,0.948611111111111
"1090",0.03,2,0.5,1,0.979885057471264,0.948824786324786
"1091",0.03,2,0.6,0.1,0.982514202668781,0.960470085470086
"1092",0.03,2,0.6,0.2,0.984165675782798,0.953632478632479
"1093",0.03,2,0.6,0.3,0.985110318404016,0.958119658119658
"1094",0.03,2,0.6,0.4,0.984641300039635,0.953846153846154
"1095",0.03,2,0.6,0.5,0.981384595058792,0.950854700854701
"1096",0.03,2,0.6,0.6,0.982705773550007,0.946688034188034
"1097",0.03,2,0.6,0.7,0.98263310873299,0.946047008547009
"1098",0.03,2,0.6,0.8,0.979818998546704,0.944337606837607
"1099",0.03,2,0.6,0.9,0.979812392654248,0.944017094017094
"1100",0.03,2,0.6,1,0.980182322631788,0.945726495726496
"1101",0.03,2,0.7,0.1,0.982540626238605,0.960042735042735
"1102",0.03,2,0.7,0.2,0.984535605760338,0.954700854700855
"1103",0.03,2,0.7,0.3,0.985579336768397,0.956410256410256
"1104",0.03,2,0.7,0.4,0.984621482362267,0.953098290598291
"1105",0.03,2,0.7,0.5,0.982355661249835,0.946047008547009
"1106",0.03,2,0.7,0.6,0.982573655700885,0.944551282051282
"1107",0.03,2,0.7,0.7,0.981655436649491,0.942200854700855
"1108",0.03,2,0.7,0.8,0.981873431100542,0.944871794871795
"1109",0.03,2,0.7,0.9,0.979587792310741,0.944764957264957
"1110",0.03,2,0.7,1,0.979264103580394,0.942521367521368
"1111",0.03,2,0.8,0.1,0.981767736821245,0.958119658119658
"1112",0.03,2,0.8,0.2,0.984502576298058,0.953739316239316
"1113",0.03,2,0.8,0.3,0.985751089972255,0.954807692307692
"1114",0.03,2,0.8,0.4,0.986279561368741,0.953739316239316
"1115",0.03,2,0.8,0.5,0.982534020346149,0.945833333333333
"1116",0.03,2,0.8,0.6,0.98322103316158,0.94284188034188
"1117",0.03,2,0.8,0.7,0.98189324877791,0.940918803418803
"1118",0.03,2,0.8,0.8,0.980763641167922,0.942628205128205
"1119",0.03,2,0.8,0.9,0.979198044655833,0.94059829059829
"1120",0.03,2,0.8,1,0.980393711190382,0.948076923076923
"1121",0.03,2,0.9,0.1,0.982903950323689,0.959188034188034
"1122",0.03,2,0.9,0.2,0.984026952041221,0.95224358974359
"1123",0.03,2,0.9,0.3,0.985367948209803,0.953952991452991
"1124",0.03,2,0.9,0.4,0.984984806447351,0.951388888888889
"1125",0.03,2,0.9,0.5,0.983419209935262,0.947970085470085
"1126",0.03,2,0.9,0.6,0.982613291055622,0.942628205128205
"1127",0.03,2,0.9,0.7,0.981959307702471,0.944871794871795
"1128",0.03,2,0.9,0.8,0.980895759017043,0.943055555555556
"1129",0.03,2,0.9,0.9,0.97967366891267,0.936752136752137
"1130",0.03,2,0.9,1,0.980268199233716,0.940277777777778
"1131",0.03,2,1,0.1,0.982249966970538,0.960042735042735
"1132",0.03,2,1,0.2,0.985552913198573,0.953846153846154
"1133",0.03,2,1,0.3,0.985209406790858,0.954700854700855
"1134",0.03,2,1,0.4,0.984826265028405,0.954700854700855
"1135",0.03,2,1,0.5,0.983254062623861,0.948183760683761
"1136",0.03,2,1,0.6,0.982857709076496,0.943162393162393
"1137",0.03,2,1,0.7,0.982025366627031,0.945192307692308
"1138",0.03,2,1,0.8,0.98137138327388,0.942948717948718
"1139",0.03,2,1,0.9,0.980096446029859,0.94059829059829
"1140",0.03,2,1,1,0.9801955344167,0.940384615384615
"1141",0.03,3,0.5,0.1,0.990679085744484,0.962393162393162
"1142",0.03,3,0.5,0.2,0.991379310344828,0.957478632478633
"1143",0.03,3,0.5,0.3,0.992456070815167,0.961111111111111
"1144",0.03,3,0.5,0.4,0.991636940150614,0.959615384615385
"1145",0.03,3,0.5,0.5,0.991544457656229,0.958333333333333
"1146",0.03,3,0.5,0.6,0.992859030254987,0.958974358974359
"1147",0.03,3,0.5,0.7,0.992819394900251,0.96025641025641
"1148",0.03,3,0.5,0.8,0.990844233055886,0.955769230769231
"1149",0.03,3,0.5,0.9,0.991821905139384,0.959401709401709
"1150",0.03,3,0.5,1,0.991597304795878,0.958547008547009
"1151",0.03,3,0.6,0.1,0.991161315893777,0.964529914529915
"1152",0.03,3,0.6,0.2,0.992277711718853,0.957905982905983
"1153",0.03,3,0.6,0.3,0.992053111375347,0.957478632478633
"1154",0.03,3,0.6,0.4,0.991300039635355,0.960897435897436
"1155",0.03,3,0.6,0.5,0.991927599418681,0.953846153846154
"1156",0.03,3,0.6,0.6,0.992740124190778,0.953632478632479
"1157",0.03,3,0.6,0.7,0.991854934601665,0.955982905982906
"1158",0.03,3,0.6,0.8,0.990784780023781,0.953418803418803
"1159",0.03,3,0.6,0.9,0.990606420927467,0.960470085470086
"1160",0.03,3,0.6,1,0.991306645527811,0.957051282051282
"1161",0.03,3,0.7,0.1,0.991267010173074,0.96474358974359
"1162",0.03,3,0.7,0.2,0.992172017439556,0.958333333333333
"1163",0.03,3,0.7,0.3,0.99435196195006,0.959401709401709
"1164",0.03,3,0.7,0.4,0.993169507200423,0.955555555555555
"1165",0.03,3,0.7,0.5,0.992674065266217,0.951923076923077
"1166",0.03,3,0.7,0.6,0.99309023649095,0.955555555555555
"1167",0.03,3,0.7,0.7,0.992138987977276,0.951068376068376
"1168",0.03,3,0.7,0.8,0.992449464922711,0.957264957264957
"1169",0.03,3,0.7,0.9,0.992172017439556,0.958119658119658
"1170",0.03,3,0.7,1,0.992581582771833,0.956196581196581
"1171",0.03,3,0.8,0.1,0.990824415378518,0.961111111111111
"1172",0.03,3,0.8,0.2,0.991907781741313,0.957692307692308
"1173",0.03,3,0.8,0.3,0.994008455542344,0.959188034188034
"1174",0.03,3,0.8,0.4,0.992594794556744,0.960042735042735
"1175",0.03,3,0.8,0.5,0.993949002510239,0.948717948717949
"1176",0.03,3,0.8,0.6,0.994021667327256,0.952350427350427
"1177",0.03,3,0.8,0.7,0.992641035803937,0.951923076923077
"1178",0.03,3,0.8,0.8,0.992409829567975,0.955769230769231
"1179",0.03,3,0.8,0.9,0.992707094728498,0.955769230769231
"1180",0.03,3,0.8,1,0.992561765094464,0.95534188034188
"1181",0.03,3,0.9,0.1,0.992099352622539,0.964957264957265
"1182",0.03,3,0.9,0.2,0.993248777909896,0.960897435897436
"1183",0.03,3,0.9,0.3,0.993843308230942,0.957905982905983
"1184",0.03,3,0.9,0.4,0.993909367155503,0.962393162393162
"1185",0.03,3,0.9,0.5,0.993618707887436,0.947222222222222
"1186",0.03,3,0.9,0.6,0.994034879112168,0.954487179487179
"1187",0.03,3,0.9,0.7,0.992792971330427,0.95042735042735
"1188",0.03,3,0.9,0.8,0.993328048619368,0.956623931623932
"1189",0.03,3,0.9,0.9,0.992515523847272,0.956410256410256
"1190",0.03,3,0.9,1,0.992984542211653,0.95534188034188
"1191",0.03,3,1,0.1,0.992251288149029,0.962820512820513
"1192",0.03,3,1,0.2,0.994028273219712,0.957051282051282
"1193",0.03,3,1,0.3,0.994173602853746,0.958547008547009
"1194",0.03,3,1,0.4,0.993810278768662,0.963034188034188
"1195",0.03,3,1,0.5,0.994266085348131,0.948931623931624
"1196",0.03,3,1,0.6,0.994180208746202,0.955982905982906
"1197",0.03,3,1,0.7,0.993750825736557,0.954059829059829
"1198",0.03,3,1,0.8,0.993750825736557,0.955555555555555
"1199",0.03,3,1,0.9,0.993116660060774,0.951175213675214
"1200",0.03,3,1,1,0.992693882943586,0.951602564102564
"1201",0.03,4,0.5,0.1,0.993625313779892,0.958974358974359
"1202",0.03,4,0.5,0.2,0.995270181001453,0.959401709401709
"1203",0.03,4,0.5,0.3,0.995461751882679,0.956837606837607
"1204",0.03,4,0.5,0.4,0.995316422248646,0.961324786324786
"1205",0.03,4,0.5,0.5,0.995164486722156,0.963247863247863
"1206",0.03,4,0.5,0.6,0.995362663495838,0.957051282051282
"1207",0.03,4,0.5,0.7,0.995481569560048,0.954487179487179
"1208",0.03,4,0.5,0.8,0.995382481173206,0.952777777777778
"1209",0.03,4,0.5,0.9,0.994497291584093,0.953846153846154
"1210",0.03,4,0.5,1,0.994820980314441,0.953205128205128
"1211",0.03,4,0.6,0.1,0.995263575108997,0.962179487179487
"1212",0.03,4,0.6,0.2,0.995983617386709,0.956837606837607
"1213",0.03,4,0.6,0.3,0.995719381688466,0.96025641025641
"1214",0.03,4,0.6,0.4,0.995250363324085,0.961324786324786
"1215",0.03,4,0.6,0.5,0.995441934205311,0.953205128205128
"1216",0.03,4,0.6,0.6,0.996102523450918,0.952564102564103
"1217",0.03,4,0.6,0.7,0.995455145990223,0.955982905982906
"1218",0.03,4,0.6,0.8,0.994854009776721,0.957264957264957
"1219",0.03,4,0.6,0.9,0.995640110978993,0.957478632478633
"1220",0.03,4,0.6,1,0.995184304399524,0.957905982905983
"1221",0.03,4,0.7,0.1,0.995507993129872,0.96474358974359
"1222",0.03,4,0.7,0.2,0.99648566521337,0.955555555555555
